{
  "bucket_bias": {
    "<=3": -2.1565517241379313,
    "3-4": -0.8763333333333333,
    "4-5": -0.5033333333333333,
    "5-6": -0.25050000000000006,
    "6-7": 0.60125,
    "7+": 1.9291666666666663
  },
  "bucket_center": {
    "<=3": 2.2572413793103445,
    "3-4": 3.5403333333333333,
    "4-5": 4.524444444444445,
    "5-6": 5.432833333333334,
    "6-7": 6.3825,
    "7+": 7.7625
  },
  "n_per_bucket": {
    "<=3": 29,
    "3-4": 60,
    "4-5": 72,
    "5-6": 60,
    "6-7": 32,
    "7+": 12
  },
  "global_bias": -0.4679245283018868,
  "short_p_baseline": 0.13962264150943396,
  "short_mean": 1.6216216216216217,
  "high_p_baseline": 0.16981132075471697,
  "high_mean": 8.866666666666667,
  "residual_global_bias": -0.4434711285154859
}