date,slate,pitcher,team,matchup,K/9,IP,GS,ip_per_start,k9_bucket,v35_proj,v40_proj,delta,best_line,v35_residual,v40_residual,bf_call,actual_ks,actual_result
2026-07-10,AM,Aaron Nola,PHI,PHI @ DET,9.2,92,18,5.11,9-11,5.13,5.32,0.19,5.5,-0.37,-0.18,No call,,
2026-07-10,AM,Jack Flaherty,DET,PHI @ DET,10.85,76.1,17,4.48,9-11,5.28,5.49,0.21,5.5,-0.22,-0.01,No call,,
2026-07-10,AM,Brandon Sproat,MIL,MIL @ PIT,9.57,79,15,5.27,9-11,5.37,5.59,0.22,5.5,-0.13,0.09,No call,,
2026-07-10,AM,Braxton Ashcraft,PIT,MIL @ PIT,10.14,108.1,18,6.01,9-11,5.34,5.87,0.53,6.5,-1.16,-0.63,Under,,
2026-07-10,AM,Ryan Weathers,NYY,NYY @ WSN,10.14,92.1,17,5.42,9-11,5.39,5.86,0.47,5.5,-0.11,0.36,No call,,
2026-07-10,AM,Brandon Young,BAL,KCR @ BAL,7.22,77.1,14,5.51,7-9,4.8,4.83,0.03,4.5,0.3,0.33,No call,,
2026-07-10,AM,Shota Imanaga,CHC,CHC @ CIN,8.74,103,18,5.72,7-9,5.29,5.73,0.44,5.5,-0.21,0.23,No call,,
2026-07-10,AM,Luis Castillo,SEA,SEA @ TBR,8.38,82.2,14,5.87,7-9,5.42,5.85,0.43,4.5,0.92,1.35,No call,,
2026-07-10,AM,Nick Martinez,TBR,SEA @ TBR,5.49,100,17,5.88,<7,4.46,4.74,0.28,4.5,-0.04,0.24,No call,,
2026-07-10,AM,Parker Messick,CLE,CLE @ MIA,9.25,106,18,5.89,9-11,5.54,6.01,0.47,5.5,0.04,0.51,No call,,
2026-07-10,AM,Sandy Alcantara,MIA,CLE @ MIA,6.7,123.2,19,6.48,<7,4.81,5.18,0.37,5.5,-0.69,-0.32,No call,,
2026-07-10,AM,Sonny Gray,BOS,BOS @ NYM,8.23,89.2,16,5.58,7-9,5.17,5.35,0.18,5.5,-0.33,-0.15,No call,,
2026-07-10,AM,Nolan McLean,NYM,BOS @ NYM,10.48,101.1,18,5.62,9-11,5.34,5.85,0.51,6.5,-1.16,-0.65,No call,,
2026-07-10,AM,Jacob Lopez,OAK,OAK @ CWS,7.04,53.2,10,5.32,7-9,4.71,4.72,0.01,,,,No call,,
2026-07-10,AM,Sean Burke,CWS,OAK @ CWS,9.67,98.2,14,7.01,9-11,6.08,5.48,-0.6,5.5,0.58,-0.02,No call,,
2026-07-10,AM,Zebby Matthews,MIN,LAA @ MIN,7.52,61,10,6.1,7-9,5.18,5.36,0.18,5.5,-0.32,-0.14,No call,,
2026-07-10,AM,Chris Sale,ATL,ATL @ STL,10.61,95,16,5.94,9-11,5.37,5.92,0.55,6.5,-1.13,-0.58,Under,,
2026-07-10,AM,Kyle Leahy,STL,ATL @ STL,7.61,86.1,17,5.06,7-9,4.53,4.86,0.33,3.5,1.03,1.36,No call,,
2026-07-10,AM,Eduardo Rodriguez,ARI,ARI @ LAD,6.17,108,18,6.0,<7,4.61,4.61,0.0,4.5,0.11,0.11,No call,,
2026-07-10,AM,Shohei Ohtani,LAD,ARI @ LAD,9.98,85.2,14,6.09,9-11,5.44,5.97,0.53,6.5,-1.06,-0.53,Under,,
2026-07-10,AM,Robbie Ray,SFG,COL @ SFG,7.61,101.2,17,5.95,7-9,4.98,5.37,0.39,5.5,-0.52,-0.13,No call,,
2026-07-10,LATE,Brandon Young,BAL,KCR @ BAL,7.22,77.1,14,5.51,7-9,4.8,4.83,0.03,4.5,0.3,0.33,No call,,
2026-07-10,LATE,Shota Imanaga,CHC,CHC @ CIN,8.74,103,18,5.72,7-9,5.29,5.73,0.44,5.5,-0.21,0.23,No call,,
2026-07-10,LATE,Luis Castillo,SEA,SEA @ TBR,8.38,82.2,14,5.87,7-9,5.42,5.85,0.43,4.5,0.92,1.35,No call,,
2026-07-10,LATE,Nick Martinez,TBR,SEA @ TBR,5.49,100,17,5.88,<7,4.46,4.74,0.28,4.5,-0.04,0.24,No call,,
2026-07-10,LATE,Parker Messick,CLE,CLE @ MIA,9.25,106,18,5.89,9-11,5.54,6.01,0.47,5.5,0.04,0.51,No call,,
2026-07-10,LATE,Sandy Alcantara,MIA,CLE @ MIA,6.7,123.2,19,6.48,<7,4.81,5.18,0.37,5.5,-0.69,-0.32,No call,,
2026-07-10,LATE,Sonny Gray,BOS,BOS @ NYM,8.23,89.2,16,5.58,7-9,5.17,5.35,0.18,5.5,-0.33,-0.15,No call,,
2026-07-10,LATE,Nolan McLean,NYM,BOS @ NYM,10.48,101.1,18,5.62,9-11,5.34,5.85,0.51,6.5,-1.16,-0.65,No call,,
2026-07-10,LATE,Jacob Lopez,OAK,OAK @ CWS,7.04,53.2,10,5.32,7-9,4.71,4.72,0.01,,,,No call,,
2026-07-10,LATE,Sean Burke,CWS,OAK @ CWS,9.67,98.2,14,7.01,9-11,6.08,5.48,-0.6,5.5,0.58,-0.02,No call,,
2026-07-10,LATE,Zebby Matthews,MIN,LAA @ MIN,7.52,61,10,6.1,7-9,5.18,5.36,0.18,5.5,-0.32,-0.14,No call,,
2026-07-10,LATE,Chris Sale,ATL,ATL @ STL,10.61,95,16,5.94,9-11,5.37,5.92,0.55,6.5,-1.13,-0.58,Under,,
2026-07-10,LATE,Kyle Leahy,STL,ATL @ STL,7.61,86.1,17,5.06,7-9,4.53,4.86,0.33,3.5,1.03,1.36,No call,,
2026-07-10,LATE,Eduardo Rodriguez,ARI,ARI @ LAD,6.17,108,18,6.0,<7,4.61,4.61,0.0,4.5,0.11,0.11,No call,,
2026-07-10,LATE,Shohei Ohtani,LAD,ARI @ LAD,9.98,85.2,14,6.09,9-11,5.44,5.97,0.53,6.5,-1.06,-0.53,Under,,
2026-07-10,LATE,Robbie Ray,SFG,COL @ SFG,7.61,101.2,17,5.95,7-9,4.98,5.37,0.39,5.5,-0.52,-0.13,No call,,
2026-07-10,AM,Aaron Nola,PHI,PHI @ DET,9.2,92,18,5.11,9-11,5.13,5.32,0.19,5.5,-0.37,-0.18,No call,,
2026-07-10,AM,Jack Flaherty,DET,PHI @ DET,10.85,76.1,17,4.48,9-11,5.28,5.49,0.21,5.5,-0.22,-0.01,No call,,
2026-07-10,AM,Brandon Sproat,MIL,MIL @ PIT,9.57,79,15,5.27,9-11,5.37,5.59,0.22,5.5,-0.13,0.09,No call,,
2026-07-10,AM,Braxton Ashcraft,PIT,MIL @ PIT,10.14,108.1,18,6.01,9-11,5.34,5.87,0.53,6.5,-1.16,-0.63,Under,,
2026-07-10,AM,Ryan Weathers,NYY,NYY @ WSN,10.14,92.1,17,5.42,9-11,5.39,5.86,0.47,5.5,-0.11,0.36,No call,,
2026-07-10,AM,Brandon Young,BAL,KCR @ BAL,7.22,77.1,14,5.51,7-9,4.8,4.83,0.03,4.5,0.3,0.33,No call,,
2026-07-10,AM,Shota Imanaga,CHC,CHC @ CIN,8.74,103,18,5.72,7-9,5.29,5.73,0.44,5.5,-0.21,0.23,No call,,
2026-07-10,AM,Luis Castillo,SEA,SEA @ TBR,8.38,82.2,14,5.87,7-9,5.42,5.85,0.43,4.5,0.92,1.35,No call,,
2026-07-10,AM,Nick Martinez,TBR,SEA @ TBR,5.49,100,17,5.88,<7,4.46,4.74,0.28,4.5,-0.04,0.24,No call,,
2026-07-10,AM,Parker Messick,CLE,CLE @ MIA,9.25,106,18,5.89,9-11,5.54,6.01,0.47,5.5,0.04,0.51,No call,,
2026-07-10,AM,Sandy Alcantara,MIA,CLE @ MIA,6.7,123.2,19,6.48,<7,4.81,5.18,0.37,5.5,-0.69,-0.32,No call,,
2026-07-10,AM,Sonny Gray,BOS,BOS @ NYM,8.23,89.2,16,5.58,7-9,5.17,5.35,0.18,5.5,-0.33,-0.15,No call,,
2026-07-10,AM,Nolan McLean,NYM,BOS @ NYM,10.48,101.1,18,5.62,9-11,5.34,5.85,0.51,6.5,-1.16,-0.65,No call,,
2026-07-10,AM,Jacob Lopez,OAK,OAK @ CWS,7.04,53.2,10,5.32,7-9,4.71,4.72,0.01,,,,No call,,
2026-07-10,AM,Sean Burke,CWS,OAK @ CWS,9.67,98.2,14,7.01,9-11,6.08,5.48,-0.6,5.5,0.58,-0.02,No call,,
2026-07-10,AM,Zebby Matthews,MIN,LAA @ MIN,7.52,61,10,6.1,7-9,5.18,5.36,0.18,5.5,-0.32,-0.14,No call,,
2026-07-10,AM,Chris Sale,ATL,ATL @ STL,10.61,95,16,5.94,9-11,5.37,5.92,0.55,6.5,-1.13,-0.58,Under,,
2026-07-10,AM,Kyle Leahy,STL,ATL @ STL,7.61,86.1,17,5.06,7-9,4.53,4.86,0.33,3.5,1.03,1.36,No call,,
2026-07-10,AM,Eduardo Rodriguez,ARI,ARI @ LAD,6.17,108,18,6.0,<7,4.61,4.61,0.0,4.5,0.11,0.11,No call,,
2026-07-10,AM,Shohei Ohtani,LAD,ARI @ LAD,9.98,85.2,14,6.09,9-11,5.44,5.97,0.53,6.5,-1.06,-0.53,Under,,
2026-07-10,AM,Robbie Ray,SFG,COL @ SFG,7.61,101.2,17,5.95,7-9,4.98,5.37,0.39,5.5,-0.52,-0.13,No call,,
2026-07-10,LATE,Brandon Young,BAL,KCR @ BAL,7.22,77.1,14,5.51,7-9,4.8,4.83,0.03,4.5,0.3,0.33,No call,,
2026-07-10,LATE,Shota Imanaga,CHC,CHC @ CIN,8.74,103,18,5.72,7-9,5.29,5.73,0.44,5.5,-0.21,0.23,No call,,
2026-07-10,LATE,Luis Castillo,SEA,SEA @ TBR,8.38,82.2,14,5.87,7-9,5.42,5.85,0.43,4.5,0.92,1.35,No call,,
2026-07-10,LATE,Nick Martinez,TBR,SEA @ TBR,5.49,100,17,5.88,<7,4.46,4.74,0.28,3.5,0.96,1.24,No call,,
2026-07-10,LATE,Parker Messick,CLE,CLE @ MIA,9.25,106,18,5.89,9-11,5.54,6.01,0.47,5.5,0.04,0.51,No call,,
2026-07-10,LATE,Sandy Alcantara,MIA,CLE @ MIA,6.7,123.2,19,6.48,<7,4.81,5.18,0.37,5.5,-0.69,-0.32,No call,,
2026-07-10,LATE,Sonny Gray,BOS,BOS @ NYM,8.23,89.2,16,5.58,7-9,5.17,5.35,0.18,5.5,-0.33,-0.15,No call,,
2026-07-10,LATE,Nolan McLean,NYM,BOS @ NYM,10.48,101.1,18,5.62,9-11,5.34,5.85,0.51,6.5,-1.16,-0.65,No call,,
2026-07-10,LATE,Jacob Lopez,OAK,OAK @ CWS,7.04,53.2,10,5.32,7-9,4.71,4.72,0.01,,,,No call,,
2026-07-10,LATE,Sean Burke,CWS,OAK @ CWS,9.67,98.2,14,7.01,9-11,6.08,5.48,-0.6,5.5,0.58,-0.02,No call,,
2026-07-10,LATE,Zebby Matthews,MIN,LAA @ MIN,7.52,61,10,6.1,7-9,5.18,5.36,0.18,5.5,-0.32,-0.14,No call,,
2026-07-10,LATE,Chris Sale,ATL,ATL @ STL,10.61,95,16,5.94,9-11,5.37,5.92,0.55,6.5,-1.13,-0.58,No call,,
2026-07-10,LATE,Kyle Leahy,STL,ATL @ STL,7.61,86.1,17,5.06,7-9,4.53,4.86,0.33,3.5,1.03,1.36,No call,,
2026-07-10,LATE,Eduardo Rodriguez,ARI,ARI @ LAD,6.17,108,18,6.0,<7,4.61,4.61,0.0,3.5,1.11,1.11,No call,,
2026-07-10,LATE,Robbie Ray,SFG,COL @ SFG,7.61,101.2,17,5.95,7-9,4.98,5.37,0.39,5.5,-0.52,-0.13,No call,,
2026-07-11,AM,Brandon Sproat,MIL,MIL @ PIT,9.57,79,15,5.27,9-11,5.37,5.59,0.22,5.5,-0.13,0.09,No call,,
2026-07-11,AM,Braxton Ashcraft,PIT,MIL @ PIT,10.14,108.1,18,6.01,9-11,5.34,5.87,0.53,6.5,-1.16,-0.63,Under,,
2026-07-11,AM,Bubba Chandler,PIT,MIL @ PIT,7.93,89.2,17,5.25,7-9,4.63,4.99,0.36,4.5,0.13,0.49,No call,,
2026-07-11,AM,Joe Ryan,MIN,LAA @ MIN,10.52,104.1,19,5.48,9-11,6.0,5.76,-0.24,7.5,-1.5,-1.74,No call,,
2026-07-11,AM,Kyle Freeland,COL,COL @ SFG,7.68,82,16,5.12,7-9,4.76,4.78,0.02,4.5,0.26,0.28,No call,,
2026-07-11,AM,Tyler Mahle,SFG,COL @ SFG,8.75,71,14,5.07,7-9,4.88,5.26,0.38,5.5,-0.62,-0.24,No call,,
2026-07-11,AM,Cam Schlittler,NYY,NYY @ WSN,10.53,112,19,5.89,9-11,6.0,5.79,-0.21,6.5,-0.5,-0.71,No call,,
2026-07-11,AM,PJ Poulin,WSN,NYY @ WSN,5.66,35,10,3.5,<7,4.4,5.04,0.64,,,,No call,,
2026-07-11,AM,Freddy Peralta,NYM,BOS @ NYM,8.82,100,19,5.26,7-9,5.2,5.38,0.18,5.5,-0.3,-0.12,No call,,
2026-07-11,AM,Logan Gilbert,SEA,SEA @ TBR,9.56,107.1,18,5.95,9-11,5.34,5.83,0.49,5.5,-0.16,0.33,No call,,
2026-07-11,AM,Griffin Jax,TBR,SEA @ TBR,9.42,65,13,5.0,9-11,5.21,5.62,0.41,5.5,-0.29,0.12,No call,,
2026-07-11,AM,Tanner Bibee,CLE,CLE @ MIA,7.11,106.1,19,5.58,7-9,4.8,4.82,0.02,4.5,0.3,0.32,No call,,
2026-07-11,AM,Eury Pérez,MIA,CLE @ MIA,10.05,79.2,15,5.28,9-11,5.44,5.9,0.46,6.5,-1.06,-0.6,No call,,
2026-07-11,AM,Cristopher Sánchez,PHI,PHI @ DET,10.25,120.1,19,6.32,9-11,5.74,5.16,-0.58,6.5,-0.76,-1.34,No call,,
2026-07-11,AM,Casey Mize,DET,PHI @ DET,9.04,71.2,13,5.48,9-11,5.38,5.59,0.21,5.5,-0.12,0.09,No call,,
2026-07-11,AM,Noah Cameron,KCR,KCR @ BAL,8.32,88.2,17,5.19,7-9,4.79,5.16,0.37,5.5,-0.71,-0.34,No call,,
2026-07-11,AM,Kyle Bradish,BAL,KCR @ BAL,9.03,100.2,18,5.57,9-11,5.19,5.63,0.44,5.5,-0.31,0.13,No call,,
2026-07-11,AM,Peter Lambert,HOU,HOU @ TEX,8.32,80,14,5.71,7-9,5.27,5.47,0.2,4.5,0.77,0.97,No call,,
2026-07-11,AM,Kumar Rocker,TEX,HOU @ TEX,7.9,84.1,15,5.61,7-9,4.99,5.37,0.38,4.5,0.49,0.87,No call,,
2026-07-11,AM,Nick Lodolo,CIN,CHC @ CIN,7.18,57.2,11,5.2,7-9,4.76,4.76,0.0,4.5,0.26,0.26,No call,,
2026-07-11,AM,Matthew Liberatore,STL,ATL @ STL,8.42,87.2,18,4.84,7-9,4.73,4.77,0.04,4.5,0.23,0.27,No call,,
2026-07-11,AM,Trey Yesavage,TOR,TOR @ SDP,8.35,73.1,13,5.62,7-9,5.26,5.44,0.18,5.5,-0.24,-0.06,No call,,
2026-07-11,AM,Walker Buehler,SDP,TOR @ SDP,8.28,87,18,4.83,7-9,4.64,4.98,0.34,3.5,1.14,1.48,No call,,
2026-07-11,AM,Yoshinobu Yamamoto,LAD,ARI @ LAD,8.6,104.2,16,6.51,7-9,5.75,5.5,-0.25,5.5,0.25,0.0,No call,,
2026-07-11,LATE,Noah Cameron,KCR,KCR @ BAL,8.32,88.2,17,5.19,7-9,4.79,5.16,0.37,5.5,-0.71,-0.34,No call,,
2026-07-11,LATE,Kyle Bradish,BAL,KCR @ BAL,9.03,100.2,18,5.57,9-11,5.19,5.63,0.44,5.5,-0.31,0.13,No call,,
2026-07-11,LATE,Peter Lambert,HOU,HOU @ TEX,8.32,80,14,5.71,7-9,5.27,5.47,0.2,4.5,0.77,0.97,No call,,
2026-07-11,LATE,Kumar Rocker,TEX,HOU @ TEX,7.9,84.1,15,5.61,7-9,4.99,5.37,0.38,4.5,0.49,0.87,No call,,
2026-07-11,LATE,Nick Lodolo,CIN,CHC @ CIN,7.18,57.2,11,5.2,7-9,4.76,4.76,0.0,4.5,0.26,0.26,No call,,
2026-07-11,LATE,Matthew Liberatore,STL,ATL @ STL,8.42,87.2,18,4.84,7-9,4.73,4.77,0.04,4.5,0.23,0.27,No call,,
2026-07-11,LATE,Trey Yesavage,TOR,TOR @ SDP,8.35,73.1,13,5.62,7-9,5.26,5.44,0.18,5.5,-0.24,-0.06,No call,,
2026-07-11,LATE,Walker Buehler,SDP,TOR @ SDP,8.28,87,18,4.83,7-9,4.64,4.98,0.34,3.5,1.14,1.48,No call,,
2026-07-11,LATE,Yoshinobu Yamamoto,LAD,ARI @ LAD,8.6,104.2,16,6.51,7-9,5.75,5.5,-0.25,6.5,-0.75,-1.0,Under,,
2026-07-12,AM,Paul Skenes,PIT,MIL @ PIT,10.75,103,19,5.42,9-11,5.84,5.6,-0.24,6.5,-0.66,-0.9,No call,,
2026-07-12,AM,Seth Lugo,KCR,KCR @ BAL,7.15,100.2,18,5.57,7-9,4.82,4.84,0.02,4.5,0.32,0.34,No call,,
2026-07-12,AM,Shane Baz,BAL,KCR @ BAL,7.57,107,18,5.94,7-9,4.93,5.32,0.39,5.5,-0.57,-0.18,No call,,
2026-07-12,AM,Will Warren,NYY,NYY @ WSN,9.06,93.1,18,5.17,9-11,4.9,5.31,0.41,4.5,0.4,0.81,No call,,
2026-07-12,AM,Cade Cavalli,WSN,NYY @ WSN,10.2,92.2,19,4.85,9-11,5.14,5.36,0.22,5.5,-0.36,-0.14,No call,,
2026-07-12,AM,Andrew Abbott,CIN,CHC @ CIN,7.22,101,19,5.32,7-9,4.82,4.83,0.01,4.5,0.32,0.33,No call,,
2026-07-12,AM,Payton Tolle,BOS,BOS @ NYM,8.96,80.1,14,5.72,7-9,5.42,5.86,0.44,4.5,0.92,1.36,No call,,
2026-07-12,AM,Emerson Hancock,SEA,SEA @ TBR,8.48,97.2,17,5.72,7-9,5.35,5.77,0.42,4.5,0.85,1.27,No call,,
2026-07-12,AM,Zack Wheeler,PHI,PHI @ DET,10.14,87,14,6.21,9-11,5.58,6.12,0.54,7.5,-1.92,-1.38,Under,,
2026-07-12,AM,Tarik Skubal,DET,PHI @ DET,10.7,70.2,12,5.85,9-11,5.58,6.12,0.54,7.5,-1.92,-1.38,No call,,
2026-07-12,AM,Joey Cantillo,CLE,CLE @ MIA,9,96,19,5.05,9-11,4.97,5.36,0.39,5.5,-0.53,-0.14,No call,,
2026-07-12,AM,José Soriano,LAA,LAA @ MIN,9.76,106,19,5.58,9-11,5.92,5.44,-0.48,5.5,0.42,-0.06,No call,,
2026-07-12,AM,Taj Bradley,MIN,LAA @ MIN,10.54,95.2,17,5.6,9-11,5.4,5.91,0.51,6.5,-1.1,-0.59,No call,,
2026-07-12,AM,J.T. Ginn,OAK,OAK @ CWS,7.84,98.2,17,5.78,7-9,5.06,5.24,0.18,4.5,0.56,0.74,No call,,
2026-07-12,AM,Noah Schultz,CWS,OAK @ CWS,8.06,48,10,4.8,7-9,4.79,4.8,0.01,4.5,0.29,0.3,No call,,
2026-07-12,AM,Dustin May,STL,ATL @ STL,8.6,89,17,5.24,7-9,4.76,5.15,0.39,4.5,0.26,0.65,No call,,
2026-07-12,AM,MacKenzie Gore,TEX,HOU @ TEX,9.89,101,19,5.32,9-11,5.49,5.94,0.45,4.5,0.99,1.44,No call,,
2026-07-12,AM,Michael Lorenzen,COL,COL @ SFG,7.04,92,19,4.84,7-9,4.3,4.6,0.3,3.5,0.8,1.1,No call,,
2026-07-12,AM,Trevor McDonald,SFG,COL @ SFG,7.58,59.1,12,4.92,7-9,4.6,4.6,0.0,4.5,0.1,0.1,No call,,
2026-07-12,AM,Emmet Sheehan,LAD,ARI @ LAD,10.05,77,16,4.81,9-11,5.28,5.49,0.21,5.5,-0.22,-0.01,No call,,
2026-07-12,AM,Kevin Gausman,TOR,TOR @ SDP,9.14,106.1,19,5.58,9-11,5.39,5.83,0.44,5.5,-0.11,0.33,No call,,
2026-07-14,AM,Dylan Cease,AME,AME @ NAT,13.55,98.1,17,5.77,11+,5.83,6.5,0.67,,,,No call,,
2026-07-14,AM,Cristopher Sánchez,NAT,AME @ NAT,10.25,120.1,19,6.32,9-11,5.8,5.21,-0.59,,,,No call,,
2026-07-14,LATE,Dylan Cease,AME,AME @ NAT,13.55,98.1,17,5.77,11+,5.83,6.5,0.67,,,,No call,,
2026-07-14,LATE,Cristopher Sánchez,NAT,AME @ NAT,10.25,120.1,19,6.32,9-11,5.8,5.21,-0.59,,,,No call,,
2026-07-16,AM,Christian Scott,NYM,NYM @ PHI,10.83,54,12,4.5,9-11,5.24,5.66,0.42,5.5,-0.26,0.16,No call,,
2026-07-16,AM,Aaron Nola,PHI,NYM @ PHI,9.2,92,18,5.11,9-11,5.31,5.49,0.18,5.5,-0.19,-0.01,No call,,
2026-07-17,AM,Griffin Jax,TBR,TBR @ BOS,9.42,65,13,5.0,9-11,5.08,5.27,0.19,5.5,-0.42,-0.23,No call,,
2026-07-17,AM,Roki Sasaki,LAD,LAD @ NYY,8.89,81,16,5.06,7-9,5.05,5.22,0.17,5.5,-0.45,-0.28,No call,,
2026-07-17,AM,Gavin Williams,CLE,PIT @ CLE,10.64,113.1,19,5.95,9-11,5.73,5.13,-0.6,7.5,-1.77,-2.37,Under,,
2026-07-17,AM,Chris Sale,ATL,TEX @ ATL,10.61,95,16,5.94,9-11,5.81,5.2,-0.61,7.5,-1.69,-2.3,Under,,
2026-07-17,AM,Anthony Kay,CWS,CWS @ TOR,7.15,89.1,17,5.24,7-9,4.61,4.61,0.0,3.5,1.11,1.11,No call,,
2026-07-17,AM,Sandy Alcantara,MIA,MIA @ MIL,6.7,123.2,19,6.48,<7,5.15,5.31,0.16,4.5,0.65,0.81,No call,,
2026-07-17,AM,Bailey Ober,MIN,MIN @ CHC,6.4,71.2,13,5.48,<7,4.58,4.56,-0.02,3.5,1.08,1.06,No call,,
2026-07-17,AM,Colin Rea,CHC,MIN @ CHC,6.65,94.2,15,6.28,<7,4.84,5.21,0.37,3.5,1.34,1.71,No call,,
2026-07-17,AM,Peter Lambert,HOU,BAL @ HOU,8.32,80,14,5.71,7-9,5.3,5.49,0.19,5.5,-0.2,-0.01,No call,,
2026-07-17,AM,Michael King,SDP,SDP @ KCR,7.64,108.1,19,5.69,7-9,4.58,4.95,0.37,4.5,0.08,0.45,No call,,
2026-07-17,AM,Seth Lugo,KCR,SDP @ KCR,7.15,100.2,18,5.57,7-9,4.59,4.61,0.02,3.5,1.09,1.11,No call,,
2026-07-17,AM,Brady Singer,CIN,CIN @ COL,7.63,89.2,18,4.96,7-9,4.41,4.77,0.36,4.5,-0.09,0.27,No call,,
2026-07-17,AM,Reid Detmers,LAA,DET @ LAA,10.19,108.2,19,5.69,9-11,5.36,5.86,0.5,6.5,-1.14,-0.64,No call,,
2026-07-17,AM,Cade Cavalli,WSN,WSN @ OAK,10.2,92.2,19,4.85,9-11,5.21,5.64,0.43,4.5,0.71,1.14,No call,,
2026-07-17,AM,Michael McGreevy,STL,STL @ ARI,5.84,101.2,18,5.62,<7,4.12,4.41,0.29,3.5,0.62,0.91,No call,,
2026-07-17,AM,Merrill Kelly,ARI,STL @ ARI,5.67,93.2,16,5.83,<7,4.14,4.43,0.29,3.5,0.64,0.93,No call,,
2026-07-17,AM,Landen Roupp,SFG,SFG @ SEA,9.65,97,18,5.39,9-11,5.87,5.58,-0.29,5.5,0.37,0.08,No call,,
2026-07-17,LATE,Roki Sasaki,LAD,LAD @ NYY,8.89,81,16,5.06,7-9,5.05,5.22,0.17,4.5,0.55,0.72,No call,,
2026-07-17,LATE,Chris Sale,ATL,TEX @ ATL,10.61,95,16,5.94,9-11,5.81,5.2,-0.61,7.5,-1.69,-2.3,Under,,
2026-07-17,LATE,Anthony Kay,CWS,CWS @ TOR,7.15,89.1,17,5.24,7-9,4.61,4.61,0.0,3.5,1.11,1.11,No call,,
2026-07-17,LATE,Sandy Alcantara,MIA,MIA @ MIL,6.7,123.2,19,6.48,<7,5.15,5.31,0.16,4.5,0.65,0.81,No call,,
2026-07-17,LATE,Bailey Ober,MIN,MIN @ CHC,6.4,71.2,13,5.48,<7,4.58,4.56,-0.02,3.5,1.08,1.06,No call,,
2026-07-17,LATE,Colin Rea,CHC,MIN @ CHC,6.65,94.2,15,6.28,<7,4.84,5.21,0.37,3.5,1.34,1.71,No call,,
2026-07-17,LATE,Peter Lambert,HOU,BAL @ HOU,8.32,80,14,5.71,7-9,5.3,5.49,0.19,5.5,-0.2,-0.01,No call,,
2026-07-17,LATE,Michael King,SDP,SDP @ KCR,7.64,108.1,19,5.69,7-9,4.58,4.95,0.37,4.5,0.08,0.45,No call,,
2026-07-17,LATE,Seth Lugo,KCR,SDP @ KCR,7.15,100.2,18,5.57,7-9,4.59,4.61,0.02,4.5,0.09,0.11,No call,,
2026-07-17,LATE,Brady Singer,CIN,CIN @ COL,7.63,89.2,18,4.96,7-9,4.41,4.77,0.36,4.5,-0.09,0.27,No call,,
2026-07-17,LATE,Reid Detmers,LAA,DET @ LAA,10.19,108.2,19,5.69,9-11,5.36,5.86,0.5,6.5,-1.14,-0.64,No call,,
2026-07-17,LATE,Cade Cavalli,WSN,WSN @ OAK,10.2,92.2,19,4.85,9-11,5.21,5.64,0.43,4.5,0.71,1.14,No call,,
2026-07-17,LATE,Michael McGreevy,STL,STL @ ARI,5.84,101.2,18,5.62,<7,4.12,4.41,0.29,2.5,1.62,1.91,No call,,
2026-07-17,LATE,Merrill Kelly,ARI,STL @ ARI,5.67,93.2,16,5.83,<7,4.14,4.43,0.29,3.5,0.64,0.93,No call,,
2026-07-17,LATE,Landen Roupp,SFG,SFG @ SEA,9.65,97,18,5.39,9-11,5.87,5.58,-0.29,5.5,0.37,0.08,No call,,
2026-07-17,LATE,Gavin Williams,CLE,PIT @ CLE,10.64,113.1,19,5.95,9-11,5.73,5.13,-0.6,,,,No call,,
2026-07-18,AM,Gavin Williams,CLE,PIT @ CLE,10.64,113.1,19,5.95,9-11,5.73,5.13,-0.6,7.5,-1.77,-2.37,Under,,
2026-07-18,AM,Taj Bradley,MIN,MIN @ CHC,10.54,95.2,17,5.6,9-11,5.4,5.91,0.51,5.5,-0.1,0.41,No call,,
2026-07-18,AM,Jesús Luzardo,PHI,NYM @ PHI,11.09,110.1,19,5.79,11+,5.87,5.28,-0.59,6.5,-0.63,-1.22,No call,,
2026-07-18,AM,Davis Martin,CWS,CWS @ TOR,8.25,100.1,18,5.56,7-9,5.02,5.2,0.18,3.5,1.52,1.7,No call,,
2026-07-18,AM,Rhett Lowder,CIN,CIN @ COL,7.71,67.2,13,5.17,7-9,4.63,4.65,0.02,3.5,1.13,1.15,No call,,
2026-07-18,AM,Tomoyuki Sugano,COL,CIN @ COL,5.12,84.1,16,5.26,<7,4.96,5.17,0.21,2.5,2.46,2.67,No call,,
2026-07-18,AM,Trevor Rogers,BAL,BAL @ HOU,6.87,90.1,17,5.3,<7,4.66,4.65,-0.01,4.5,0.16,0.15,No call,,
2026-07-18,AM,Spencer Arrighetti,HOU,BAL @ HOU,8.89,82,15,5.47,7-9,5.39,5.59,0.2,5.5,-0.11,0.09,No call,,
2026-07-18,AM,Griffin Canning,SDP,SDP @ KCR,8.89,55.2,10,5.52,7-9,5.09,5.3,0.21,3.5,1.59,1.8,No call,,
2026-07-18,AM,Dustin May,STL,STL @ ARI,8.6,89,17,5.24,7-9,4.84,5.23,0.39,3.5,1.34,1.73,No call,,
2026-07-18,AM,MacKenzie Gore,TEX,TEX @ ATL,9.89,101,19,5.32,9-11,5.63,5.35,-0.28,5.5,0.13,-0.15,No call,,
2026-07-18,AM,Max Meyer,MIA,MIA @ MIL,9.67,108,19,5.68,9-11,5.92,5.67,-0.25,5.5,0.42,0.17,No call,,
2026-07-18,AM,Logan Webb,SFG,SFG @ SEA,7.18,100.1,16,6.26,7-9,5.26,5.65,0.39,5.5,-0.24,0.15,No call,,
2026-07-18,AM,Bryan Woo,SEA,SFG @ SEA,8.8,104.1,18,5.78,7-9,5.78,5.49,-0.29,5.5,0.28,-0.01,No call,,
2026-07-18,AM,Emmet Sheehan,LAD,LAD @ NYY,10.05,77,16,4.81,9-11,5.34,5.54,0.2,5.5,-0.16,0.04,No call,,
2026-07-18,AM,Ryan Weathers,NYY,LAD @ NYY,10.14,92.1,17,5.42,9-11,5.7,5.45,-0.25,5.5,0.2,-0.05,No call,,
2026-07-18,AM,Zack Littell,WSN,WSN @ OAK,5.44,86,12,7.17,<7,4.82,4.74,-0.08,2.5,2.32,2.24,No call,,
2026-07-18,AM,J.T. Ginn,OAK,WSN @ OAK,7.84,98.2,17,5.78,7-9,5.06,5.24,0.18,4.5,0.56,0.74,No call,,
2026-07-18,AM,Tarik Skubal,DET,DET @ LAA,10.7,70.2,12,5.85,9-11,5.78,5.18,-0.6,8.5,-2.72,-3.32,Under,,
2026-07-18,LATE,Logan Webb,SFG,SFG @ SEA,7.18,100.1,16,6.26,7-9,5.26,5.65,0.39,5.5,-0.24,0.15,No call,,
2026-07-18,LATE,Bryan Woo,SEA,SFG @ SEA,8.8,104.1,18,5.78,7-9,5.78,5.49,-0.29,5.5,0.28,-0.01,No call,,
2026-07-18,LATE,Zack Littell,WSN,WSN @ OAK,5.44,86,12,7.17,<7,4.82,4.74,-0.08,2.5,2.32,2.24,No call,,
2026-07-18,LATE,J.T. Ginn,OAK,WSN @ OAK,7.84,98.2,17,5.78,7-9,5.06,5.24,0.18,4.5,0.56,0.74,No call,,
2026-07-18,LATE,Tarik Skubal,DET,DET @ LAA,10.7,70.2,12,5.85,9-11,5.78,5.18,-0.6,8.5,-2.72,-3.32,No call,,
2026-07-18,LATE,Emmet Sheehan,LAD,LAD @ NYY,10.05,77,16,4.81,9-11,5.34,5.54,0.2,,,,No call,,
2026-07-18,LATE,Ryan Weathers,NYY,LAD @ NYY,10.14,92.1,17,5.42,9-11,5.7,5.45,-0.25,,,,No call,,
2026-07-19,AM,Sean Burke,CWS,CWS @ TOR,9.67,98.2,14,7.01,9-11,5.99,5.39,-0.6,5.5,0.49,-0.11,No call,,
2026-07-19,AM,Trey Yesavage,TOR,CWS @ TOR,8.35,73.1,13,5.62,7-9,5.11,5.3,0.19,5.5,-0.39,-0.2,No call,,
2026-07-19,AM,Yoshinobu Yamamoto,LAD,LAD @ NYY,8.6,104.2,16,6.51,7-9,5.81,5.56,-0.25,6.5,-0.69,-0.94,No call,,
2026-07-19,AM,Cam Schlittler,NYY,LAD @ NYY,10.53,112,19,5.89,9-11,5.58,6.11,0.53,6.5,-0.92,-0.39,No call,,
2026-07-19,AM,Shane McClanahan,TBR,TBR @ BOS,8.58,86,17,5.06,7-9,4.76,5.13,0.37,4.5,0.26,0.63,No call,,
2026-07-19,AM,Sonny Gray,BOS,TBR @ BOS,8.23,89.2,16,5.58,7-9,5.0,5.39,0.39,4.5,0.5,0.89,No call,,
2026-07-19,AM,Nolan McLean,NYM,NYM @ PHI,10.48,101.1,18,5.62,9-11,5.4,5.91,0.51,6.5,-1.1,-0.59,Under,,
2026-07-19,AM,Nathan Eovaldi,TEX,TEX @ ATL,9.7,111.1,18,6.17,9-11,5.54,6.06,0.52,5.5,0.04,0.56,No call,,
2026-07-19,AM,Grant Holmes,ATL,TEX @ ATL,7.83,87.1,17,5.12,7-9,4.77,5.12,0.35,4.5,0.27,0.62,No call,,
2026-07-19,AM,Paul Skenes,PIT,PIT @ CLE,10.75,103,19,5.42,9-11,6.01,5.78,-0.23,6.5,-0.49,-0.72,No call,,
2026-07-19,AM,Joey Cantillo,CLE,PIT @ CLE,9,96,19,5.05,9-11,5.12,5.29,0.17,6.5,-1.38,-1.21,Under,,
2026-07-19,AM,Brandon Young,BAL,BAL @ HOU,7.22,77.1,14,5.51,7-9,4.63,4.97,0.34,4.5,0.13,0.47,No call,,
2026-07-19,AM,Noah Cameron,KCR,SDP @ KCR,8.32,88.2,17,5.19,7-9,4.56,4.93,0.37,4.5,0.06,0.43,No call,,
2026-07-19,AM,Eury Pérez,MIA,MIA @ MIL,10.05,79.2,15,5.28,9-11,5.79,5.51,-0.28,6.5,-0.71,-0.99,No call,,
2026-07-19,AM,Zebby Matthews,MIN,MIN @ CHC,7.52,61,10,6.1,7-9,5.18,5.36,0.18,4.5,0.68,0.86,No call,,
2026-07-19,AM,Shota Imanaga,CHC,MIN @ CHC,8.74,103,18,5.72,7-9,5.32,5.76,0.44,5.5,-0.18,0.26,No call,,
2026-07-19,AM,Ryan Feltner,COL,CIN @ COL,6.68,63.1,13,4.85,<7,5.39,4.25,-1.14,4.5,0.89,-0.25,No call,,
2026-07-19,AM,Foster Griffin,WSN,WSN @ OAK,8.89,110.1,19,5.79,7-9,5.38,5.82,0.44,5.5,-0.12,0.32,No call,,
2026-07-19,AM,Jacob Lopez,OAK,WSN @ OAK,7.04,53.2,10,5.32,7-9,4.71,4.72,0.01,3.5,1.21,1.22,No call,,
2026-07-19,AM,Casey Mize,DET,DET @ LAA,9.04,71.2,13,5.48,9-11,5.37,5.8,0.43,5.5,-0.13,0.3,No call,,
2026-07-19,AM,Robbie Ray,SFG,SFG @ SEA,7.61,101.2,17,5.95,7-9,5.3,5.7,0.4,5.5,-0.2,0.2,No call,,
2026-07-19,AM,Logan Gilbert,SEA,SFG @ SEA,9.56,107.1,18,5.95,9-11,5.57,6.06,0.49,6.5,-0.93,-0.44,No call,,
2026-07-19,AM,Andre Pallante,STL,STL @ ARI,6.48,100,18,5.56,<7,4.38,4.69,0.31,3.5,0.88,1.19,No call,,
2026-07-19,AM,Eduardo Rodriguez,ARI,STL @ ARI,6.17,108,18,6.0,<7,4.47,4.79,0.32,3.5,0.97,1.29,No call,,
2026-07-20,AM,Joe Ryan,MIN,MIN @ CLE,10.52,104.1,19,5.48,9-11,5.97,5.73,-0.24,6.5,-0.53,-0.77,No call,,
2026-07-20,AM,Tanner Bibee,CLE,MIN @ CLE,7.11,106.1,19,5.58,7-9,4.62,4.96,0.34,4.5,0.12,0.46,No call,,
2026-07-20,AM,Braxton Ashcraft,PIT,PIT @ NYY,10.14,108.1,18,6.01,9-11,5.49,6.01,0.52,6.5,-1.01,-0.49,No call,,
2026-07-20,AM,Ryan Weathers,NYY,PIT @ NYY,10.14,92.1,17,5.42,9-11,5.7,5.45,-0.25,6.5,-0.8,-1.05,Under,,
2026-07-20,AM,Nick Martinez,TBR,TBR @ TOR,5.49,100,17,5.88,<7,4.15,4.43,0.28,3.5,0.65,0.93,No call,,
2026-07-20,AM,Dylan Cease,TOR,TBR @ TOR,13.55,98.1,17,5.77,11+,5.74,6.42,0.68,7.5,-1.76,-1.08,Under,,
2026-07-20,AM,Shane Baz,BAL,BAL @ BOS,7.57,107,18,5.94,7-9,4.9,5.29,0.39,5.5,-0.6,-0.21,No call,,
2026-07-20,AM,Payton Tolle,BOS,BAL @ BOS,8.96,80.1,14,5.72,7-9,5.25,5.68,0.43,6.5,-1.25,-0.82,Under,,
2026-07-20,AM,Emmet Sheehan,LAD,LAD @ PHI,10.05,77,16,4.81,9-11,5.21,5.63,0.42,5.5,-0.29,0.13,No call,,
2026-07-20,AM,Cristopher Sánchez,PHI,LAD @ PHI,10.25,120.1,19,6.32,9-11,5.91,5.33,-0.58,6.5,-0.59,-1.17,No call,,
2026-07-20,AM,Bryce Elder,ATL,SDP @ ATL,7.54,102.2,18,5.68,7-9,5.02,5.39,0.37,3.5,1.52,1.89,No call,,
2026-07-20,AM,Trevor McDonald,SFG,SFG @ KCR,7.58,59.1,12,4.92,7-9,4.37,4.7,0.33,3.5,0.87,1.2,No call,,
2026-07-20,AM,Michael Wacha,KCR,SFG @ KCR,7.24,119.1,19,6.27,7-9,4.74,5.13,0.39,4.5,0.24,0.63,No call,,
2026-07-20,AM,Freddy Peralta,NYM,NYM @ MIL,8.82,100,19,5.26,7-9,5.4,5.58,0.18,5.5,-0.1,0.08,No call,,
2026-07-20,AM,Jacob Misiorowski,MIL,NYM @ MIL,13.54,111,18,6.17,11+,6.53,7.25,0.72,9.5,-2.97,-2.25,Under,,
2026-07-20,AM,Jack Flaherty,DET,DET @ CHC,10.85,76.1,17,4.48,9-11,5.21,5.63,0.42,5.5,-0.29,0.13,No call,,
2026-07-20,AM,Jameson Taillon,CHC,DET @ CHC,7.85,67.2,13,5.17,7-9,4.74,5.09,0.35,3.5,1.24,1.59,No call,,
2026-07-20,AM,Jacob deGrom,TEX,CWS @ TEX,10.91,100.2,18,5.57,9-11,5.49,6.01,0.52,6.5,-1.01,-0.49,No call,,
2026-07-20,AM,Janson Junk,MIA,MIA @ HOU,6.65,65,12,5.42,<7,4.61,4.6,-0.01,3.5,1.11,1.1,No call,,
2026-07-20,AM,Kyle Freeland,COL,WSN @ COL,7.68,82,16,5.12,7-9,4.56,4.58,0.02,4.5,0.06,0.08,No call,,
2026-07-20,AM,Jeffrey Springs,OAK,OAK @ ARI,7.74,97.2,19,5.12,7-9,4.71,4.73,0.02,3.5,1.21,1.23,No call,,
2026-07-20,AM,Andrew Abbott,CIN,CIN @ SEA,7.22,101,19,5.32,7-9,4.9,5.23,0.33,4.5,0.4,0.73,No call,,
2026-07-20,AM,George Kirby,SEA,CIN @ SEA,8.02,110,18,6.11,7-9,5.61,6.02,0.41,6.5,-0.89,-0.48,No call,,
2026-07-20,AM,Kyle Leahy,STL,STL @ LAA,7.61,86.1,17,5.06,7-9,4.61,4.94,0.33,4.5,0.11,0.44,No call,,
2026-07-20,AM,José Soriano,LAA,STL @ LAA,9.76,106,19,5.58,9-11,5.98,5.5,-0.48,4.5,1.48,1.0,No call,,
2026-07-20,LATE,Braxton Ashcraft,PIT,PIT @ NYY,10.14,108.1,18,6.01,9-11,5.49,6.01,0.52,6.5,-1.01,-0.49,No call,,
2026-07-20,LATE,Ryan Weathers,NYY,PIT @ NYY,10.14,92.1,17,5.42,9-11,5.7,5.45,-0.25,6.5,-0.8,-1.05,No call,,
2026-07-20,LATE,Nick Martinez,TBR,TBR @ TOR,5.49,100,17,5.88,<7,4.15,4.43,0.28,2.5,1.65,1.93,No call,,
2026-07-20,LATE,Dylan Cease,TOR,TBR @ TOR,13.55,98.1,17,5.77,11+,5.74,6.42,0.68,7.5,-1.76,-1.08,Under,,
2026-07-20,LATE,Shane Baz,BAL,BAL @ BOS,7.57,107,18,5.94,7-9,4.9,5.29,0.39,5.5,-0.6,-0.21,No call,,
2026-07-20,LATE,Payton Tolle,BOS,BAL @ BOS,8.96,80.1,14,5.72,7-9,5.25,5.68,0.43,6.5,-1.25,-0.82,No call,,
2026-07-20,LATE,Emmet Sheehan,LAD,LAD @ PHI,10.05,77,16,4.81,9-11,5.21,5.63,0.42,5.5,-0.29,0.13,No call,,
2026-07-20,LATE,Cristopher Sánchez,PHI,LAD @ PHI,10.25,120.1,19,6.32,9-11,5.91,5.33,-0.58,6.5,-0.59,-1.17,No call,,
2026-07-20,LATE,Bryce Elder,ATL,SDP @ ATL,7.54,102.2,18,5.68,7-9,5.02,5.39,0.37,3.5,1.52,1.89,No call,,
2026-07-20,LATE,Trevor McDonald,SFG,SFG @ KCR,7.58,59.1,12,4.92,7-9,4.37,4.7,0.33,3.5,0.87,1.2,No call,,
2026-07-20,LATE,Michael Wacha,KCR,SFG @ KCR,7.24,119.1,19,6.27,7-9,4.74,5.13,0.39,4.5,0.24,0.63,No call,,
2026-07-20,LATE,Freddy Peralta,NYM,NYM @ MIL,8.82,100,19,5.26,7-9,5.4,5.58,0.18,5.5,-0.1,0.08,No call,,
2026-07-20,LATE,Jacob Misiorowski,MIL,NYM @ MIL,13.54,111,18,6.17,11+,6.53,7.25,0.72,8.5,-1.97,-1.25,Under,,
2026-07-20,LATE,Jack Flaherty,DET,DET @ CHC,10.85,76.1,17,4.48,9-11,5.21,5.63,0.42,5.5,-0.29,0.13,No call,,
2026-07-20,LATE,Jameson Taillon,CHC,DET @ CHC,7.85,67.2,13,5.17,7-9,4.74,5.09,0.35,3.5,1.24,1.59,No call,,
2026-07-20,LATE,Jacob deGrom,TEX,CWS @ TEX,10.91,100.2,18,5.57,9-11,5.49,6.01,0.52,7.5,-2.01,-1.49,Under,,
2026-07-20,LATE,Janson Junk,MIA,MIA @ HOU,6.65,65,12,5.42,<7,4.61,4.6,-0.01,3.5,1.11,1.1,No call,,
2026-07-20,LATE,Kyle Freeland,COL,WSN @ COL,7.68,82,16,5.12,7-9,4.56,4.58,0.02,4.5,0.06,0.08,No call,,
2026-07-20,LATE,Jeffrey Springs,OAK,OAK @ ARI,7.74,97.2,19,5.12,7-9,4.71,4.73,0.02,3.5,1.21,1.23,No call,,
2026-07-20,LATE,Andrew Abbott,CIN,CIN @ SEA,7.22,101,19,5.32,7-9,4.9,5.23,0.33,4.5,0.4,0.73,No call,,
2026-07-20,LATE,George Kirby,SEA,CIN @ SEA,8.02,110,18,6.11,7-9,5.61,6.02,0.41,6.5,-0.89,-0.48,No call,,
2026-07-20,LATE,Kyle Leahy,STL,STL @ LAA,7.61,86.1,17,5.06,7-9,4.61,4.94,0.33,4.5,0.11,0.44,No call,,
2026-07-20,LATE,José Soriano,LAA,STL @ LAA,9.76,106,19,5.58,9-11,5.98,5.5,-0.48,4.5,1.48,1.0,No call,,
2026-07-21,AM,Parker Messick,CLE,MIN @ CLE,9.25,106,18,5.89,9-11,5.68,5.42,-0.26,5.5,0.18,-0.08,No call,,
2026-07-21,AM,Justin Wrobleski,LAD,LAD @ PHI,6.55,100.1,15,6.67,<7,5.03,5.19,0.16,5.5,-0.47,-0.31,No call,,
2026-07-21,AM,Zack Wheeler,PHI,LAD @ PHI,10.14,87,14,6.21,9-11,5.75,5.15,-0.6,6.5,-0.75,-1.35,No call,,
2026-07-21,AM,Bubba Chandler,PIT,PIT @ NYY,7.93,89.2,17,5.25,7-9,4.77,5.13,0.36,4.5,0.27,0.63,No call,,
2026-07-21,AM,Will Warren,NYY,PIT @ NYY,9.06,93.1,18,5.17,9-11,5.22,5.41,0.19,5.5,-0.28,-0.09,No call,,
2026-07-21,AM,Drew Rasmussen,TBR,TBR @ TOR,8.88,99.1,18,5.51,7-9,5.28,5.48,0.2,4.5,0.78,0.98,No call,,
2026-07-21,AM,Kevin Gausman,TOR,TBR @ TOR,9.14,106.1,19,5.58,9-11,5.25,5.69,0.44,5.5,-0.25,0.19,No call,,
2026-07-21,AM,Kyle Bradish,BAL,BAL @ BOS,9.03,100.2,18,5.57,9-11,5.38,5.6,0.22,5.5,-0.12,0.1,No call,,
2026-07-21,AM,Ranger Suarez,BOS,BAL @ BOS,9.56,91.1,17,5.36,9-11,5.24,5.68,0.44,5.5,-0.26,0.18,No call,,
2026-07-21,AM,Walker Buehler,SDP,SDP @ ATL,8.28,87,18,4.83,7-9,4.75,5.09,0.34,3.5,1.25,1.59,No call,,
2026-07-21,AM,Tyler Mahle,SFG,SFG @ KCR,8.75,71,14,5.07,7-9,4.65,5.03,0.38,4.5,0.15,0.53,No call,,
2026-07-21,AM,Brandon Sproat,MIL,NYM @ MIL,9.57,79,15,5.27,9-11,5.53,5.96,0.43,4.5,1.03,1.46,No call,,
2026-07-21,AM,Framber Valdez,DET,DET @ CHC,7.27,107.2,19,5.64,7-9,4.77,5.13,0.36,4.5,0.27,0.63,No call,,
2026-07-21,AM,David Peterson,CHC,DET @ CHC,7.65,82.1,11,7.46,7-9,5.9,5.36,-0.54,4.5,1.4,0.86,No call,,
2026-07-21,AM,Noah Schultz,CWS,CWS @ TEX,8.06,48,10,4.8,7-9,4.82,4.83,0.01,4.5,0.32,0.33,No call,,
2026-07-21,AM,Kumar Rocker,TEX,CWS @ TEX,7.9,84.1,15,5.61,7-9,4.99,5.37,0.38,4.5,0.49,0.87,No call,,
2026-07-21,AM,Tatsuya Imai,HOU,MIA @ HOU,10.9,52,13,4.0,9-11,4.95,5.63,0.68,5.5,-0.55,0.13,No call,,
2026-07-21,AM,Michael Lorenzen,COL,WSN @ COL,7.04,92,19,4.84,7-9,4.1,4.4,0.3,3.5,0.6,0.9,No call,,
2026-07-21,AM,Matthew Liberatore,STL,STL @ LAA,8.42,87.2,18,4.84,7-9,4.81,5.17,0.36,4.5,0.31,0.67,No call,,
2026-07-21,AM,Walbert Ureña,LAA,STL @ LAA,8.63,81.1,15,5.41,7-9,5.32,5.5,0.18,4.5,0.82,1.0,No call,,
2026-07-21,AM,Chase Burns,CIN,CIN @ SEA,10.34,102.2,18,5.68,9-11,5.74,5.11,-0.63,6.5,-0.76,-1.39,No call,,
2026-07-21,AM,Luis Castillo,SEA,CIN @ SEA,8.38,82.2,14,5.87,7-9,5.65,5.34,-0.31,5.5,0.15,-0.16,No call,,
2026-07-21,LATE,Drew Rasmussen,TBR,TBR @ TOR,8.88,99.1,18,5.51,7-9,5.28,5.48,0.2,4.5,0.78,0.98,No call,,
2026-07-21,LATE,Kevin Gausman,TOR,TBR @ TOR,9.14,106.1,19,5.58,9-11,5.25,5.69,0.44,5.5,-0.25,0.19,No call,,
2026-07-21,LATE,Walker Buehler,SDP,SDP @ ATL,8.28,87,18,4.83,7-9,4.75,5.09,0.34,3.5,1.25,1.59,No call,,
2026-07-21,LATE,Tyler Mahle,SFG,SFG @ KCR,8.75,71,14,5.07,7-9,4.65,5.03,0.38,4.5,0.15,0.53,No call,,
2026-07-21,LATE,Brandon Sproat,MIL,NYM @ MIL,9.57,79,15,5.27,9-11,5.53,5.96,0.43,4.5,1.03,1.46,No call,,
2026-07-21,LATE,Framber Valdez,DET,DET @ CHC,7.27,107.2,19,5.64,7-9,4.77,5.13,0.36,4.5,0.27,0.63,No call,,
2026-07-21,LATE,David Peterson,CHC,DET @ CHC,7.65,82.1,11,7.46,7-9,5.9,5.36,-0.54,4.5,1.4,0.86,No call,,
2026-07-21,LATE,Noah Schultz,CWS,CWS @ TEX,8.06,48,10,4.8,7-9,4.82,4.83,0.01,4.5,0.32,0.33,No call,,
2026-07-21,LATE,Kumar Rocker,TEX,CWS @ TEX,7.9,84.1,15,5.61,7-9,4.99,5.37,0.38,4.5,0.49,0.87,No call,,
2026-07-21,LATE,Tatsuya Imai,HOU,MIA @ HOU,10.9,52,13,4.0,9-11,4.95,5.63,0.68,5.5,-0.55,0.13,No call,,
2026-07-21,LATE,Michael Lorenzen,COL,WSN @ COL,7.04,92,19,4.84,7-9,4.1,4.4,0.3,3.5,0.6,0.9,No call,,
2026-07-21,LATE,Matthew Liberatore,STL,STL @ LAA,8.42,87.2,18,4.84,7-9,4.81,5.17,0.36,5.5,-0.69,-0.33,No call,,
2026-07-21,LATE,Walbert Ureña,LAA,STL @ LAA,8.63,81.1,15,5.41,7-9,5.32,5.5,0.18,4.5,0.82,1.0,No call,,
2026-07-21,LATE,Chase Burns,CIN,CIN @ SEA,10.34,102.2,18,5.68,9-11,5.74,5.11,-0.63,6.5,-0.76,-1.39,No call,,
2026-07-21,LATE,Luis Castillo,SEA,CIN @ SEA,8.38,82.2,14,5.87,7-9,5.65,5.34,-0.31,5.5,0.15,-0.16,No call,,
2026-07-21,LATE,Bubba Chandler,PIT,PIT @ NYY,7.93,89.2,17,5.25,7-9,4.77,5.13,0.36,,,,No call,,
2026-07-21,LATE,Will Warren,NYY,PIT @ NYY,9.06,93.1,18,5.17,9-11,5.22,5.41,0.19,,,,No call,,
2026-07-21,LATE,Kyle Bradish,BAL,BAL @ BOS,9.03,100.2,18,5.57,9-11,5.38,5.6,0.22,,,,No call,,
2026-07-22,AM,Mitch Keller,PIT,PIT @ NYY,6.71,103.1,19,5.43,<7,4.62,4.62,0.0,4.5,0.12,0.12,No call,,
2026-07-22,AM,Bubba Chandler,PIT,PIT @ NYY,7.93,89.2,17,5.25,7-9,4.77,5.13,0.36,4.5,0.27,0.63,No call,,
2026-07-22,AM,Max Fried,NYY,PIT @ NYY,7.3,61.2,10,6.12,7-9,5.05,5.22,0.17,3.5,1.55,1.72,No call,,
2026-07-22,AM,Kyle Bradish,BAL,BAL @ BOS,9.03,100.2,18,5.57,9-11,5.38,5.6,0.22,5.5,-0.12,0.1,No call,,
2026-07-22,AM,Landen Roupp,SFG,SFG @ KCR,9.65,97,18,5.39,9-11,5.31,5.54,0.23,5.5,-0.19,0.04,No call,,
2026-07-22,AM,Seth Lugo,KCR,SFG @ KCR,7.15,100.2,18,5.57,7-9,4.59,4.61,0.02,4.5,0.09,0.11,No call,,
2026-07-22,AM,Christian Scott,NYM,NYM @ MIL,10.83,54,12,4.5,9-11,5.38,5.81,0.43,5.5,-0.12,0.31,No call,,
2026-07-22,AM,Cade Cavalli,WSN,WSN @ COL,10.2,92.2,19,4.85,9-11,5.14,5.36,0.22,5.5,-0.36,-0.14,No call,,
2026-07-22,AM,Merrill Kelly,ARI,OAK @ ARI,5.67,93.2,16,5.83,<7,4.14,4.43,0.29,3.5,0.64,0.93,No call,,
2026-07-22,AM,Brady Singer,CIN,CIN @ SEA,7.63,89.2,18,4.96,7-9,4.83,5.19,0.36,5.5,-0.67,-0.31,No call,,
2026-07-22,AM,Emerson Hancock,SEA,CIN @ SEA,8.48,97.2,17,5.72,7-9,5.58,6.0,0.42,5.5,0.08,0.5,No call,,
2026-07-22,AM,Reid Detmers,LAA,STL @ LAA,10.19,108.2,19,5.69,9-11,5.36,5.86,0.5,5.5,-0.14,0.36,No call,,
2026-07-22,AM,Bailey Ober,MIN,MIN @ CLE,6.4,71.2,13,5.48,<7,4.55,4.85,0.3,4.5,0.05,0.35,No call,,
2026-07-22,AM,Slade Cecconi,CLE,MIN @ CLE,7,99,19,5.21,7-9,4.65,4.64,-0.01,3.5,1.15,1.14,No call,,
2026-07-22,AM,Eric Lauer,LAD,LAD @ PHI,5.52,76.2,12,6.35,<7,4.6,4.59,-0.01,3.5,1.1,1.09,No call,,
2026-07-22,AM,Aaron Nola,PHI,LAD @ PHI,9.2,92,18,5.11,9-11,5.31,5.49,0.18,5.5,-0.19,-0.01,No call,,
2026-07-22,AM,Griffin Jax,TBR,TBR @ TOR,9.42,65,13,5.0,9-11,5.11,5.3,0.19,4.5,0.61,0.8,No call,,
2026-07-22,AM,Michael King,SDP,SDP @ ATL,7.64,108.1,19,5.69,7-9,5.07,5.22,0.15,4.5,0.57,0.72,No call,,
2026-07-22,AM,Martín Pérez,ATL,SDP @ ATL,6.86,81.1,14,5.79,<7,4.74,5.09,0.35,3.5,1.24,1.59,No call,,
2026-07-22,AM,Anthony Kay,CWS,CWS @ TEX,7.15,89.1,17,5.24,7-9,4.72,4.73,0.01,4.5,0.22,0.23,No call,,
2026-07-22,AM,Keider Montero,DET,DET @ CHC,5.72,94.1,15,6.27,<7,4.64,4.63,-0.01,3.5,1.14,1.13,No call,,
2026-07-22,AM,Colin Rea,CHC,DET @ CHC,6.65,94.2,15,6.28,<7,4.84,5.21,0.37,4.5,0.34,0.71,No call,,
2026-07-22,AM,Sandy Alcantara,MIA,MIA @ HOU,6.7,123.2,19,6.48,<7,4.95,5.32,0.37,4.5,0.45,0.82,No call,,
2026-07-22,AM,Peter Lambert,HOU,MIA @ HOU,8.32,80,14,5.71,7-9,5.3,5.49,0.19,5.5,-0.2,-0.01,No call,,
2026-07-22,LATE,Bubba Chandler,PIT,PIT @ NYY,7.93,89.2,17,5.25,7-9,4.77,5.13,0.36,4.5,0.27,0.63,No call,,
2026-07-22,LATE,Max Fried,NYY,PIT @ NYY,7.3,61.2,10,6.12,7-9,5.05,5.22,0.17,4.5,0.55,0.72,No call,,
2026-07-22,LATE,Kyle Bradish,BAL,BAL @ BOS,9.03,100.2,18,5.57,9-11,5.38,5.6,0.22,5.5,-0.12,0.1,No call,,
2026-07-22,LATE,Griffin Jax,TBR,TBR @ TOR,9.42,65,13,5.0,9-11,5.11,5.3,0.19,4.5,0.61,0.8,No call,,
2026-07-22,LATE,Michael King,SDP,SDP @ ATL,7.64,108.1,19,5.69,7-9,5.07,5.22,0.15,4.5,0.57,0.72,No call,,
2026-07-22,LATE,Martín Pérez,ATL,SDP @ ATL,6.86,81.1,14,5.79,<7,4.74,5.09,0.35,3.5,1.24,1.59,No call,,
2026-07-22,LATE,Anthony Kay,CWS,CWS @ TEX,7.15,89.1,17,5.24,7-9,4.72,4.73,0.01,4.5,0.22,0.23,No call,,
2026-07-22,LATE,Keider Montero,DET,DET @ CHC,5.72,94.1,15,6.27,<7,4.64,4.63,-0.01,3.5,1.14,1.13,No call,,
2026-07-22,LATE,Colin Rea,CHC,DET @ CHC,6.65,94.2,15,6.28,<7,4.84,5.21,0.37,4.5,0.34,0.71,No call,,
2026-07-22,LATE,Sandy Alcantara,MIA,MIA @ HOU,6.7,123.2,19,6.48,<7,4.95,5.32,0.37,4.5,0.45,0.82,No call,,
2026-07-22,LATE,Peter Lambert,HOU,MIA @ HOU,8.32,80,14,5.71,7-9,5.3,5.49,0.19,5.5,-0.2,-0.01,No call,,
2026-07-23,AM,Chris Sale,ATL,SDP @ ATL,10.61,95,16,5.94,9-11,5.81,5.2,-0.61,9.5,-3.69,-4.3,No call,,
2026-07-23,AM,Taj Bradley,MIN,MIN @ CLE,10.54,95.2,17,5.6,9-11,5.37,5.88,0.51,5.5,-0.13,0.38,No call,,
2026-07-23,AM,Gavin Williams,CLE,MIN @ CLE,10.64,113.1,19,5.95,9-11,5.73,5.13,-0.6,6.5,-0.77,-1.37,No call,,
2026-07-23,AM,Michael McGreevy,STL,ARI @ STL,5.84,101.2,18,5.62,<7,4.04,4.32,0.28,3.5,0.54,0.82,No call,,
2026-07-24,AM,Tomoyuki Sugano,COL,COL @ MIL,5.12,84.1,16,5.26,<7,4.03,4.26,0.23,3.5,0.53,0.76,No call,,
2026-07-24,AM,Tarik Skubal,DET,KCR @ DET,10.7,70.2,12,5.85,9-11,5.58,6.12,0.54,8.5,-2.92,-2.38,Under,,
2026-07-24,AM,Eduardo Rodriguez,ARI,ARI @ WSN,6.17,108,18,6.0,<7,4.36,4.67,0.31,4.5,-0.14,0.17,No call,,
2026-07-24,AM,Cam Schlittler,NYY,NYY @ PHI,10.53,112,19,5.89,9-11,5.67,5.05,-0.62,7.5,-1.83,-2.45,Under,,
2026-07-24,AM,Jesús Luzardo,PHI,NYY @ PHI,11.09,110.1,19,5.79,11+,5.87,5.28,-0.59,7.5,-1.63,-2.22,No call,,
2026-07-24,AM,Grant Holmes,ATL,ATL @ BAL,7.83,87.1,17,5.12,7-9,4.84,4.86,0.02,5.5,-0.66,-0.64,No call,,
2026-07-24,AM,Trevor Rogers,BAL,ATL @ BAL,6.87,90.1,17,5.3,<7,4.52,4.83,0.31,4.5,0.02,0.33,No call,,
2026-07-24,AM,Roki Sasaki,LAD,LAD @ NYM,8.89,81,16,5.06,7-9,5.07,5.25,0.18,5.5,-0.43,-0.25,No call,,
2026-07-24,AM,Joey Cantillo,CLE,CLE @ TBR,9,96,19,5.05,9-11,5.29,5.46,0.17,5.5,-0.21,-0.04,No call,,
2026-07-24,AM,Shane McClanahan,TBR,CLE @ TBR,8.58,86,17,5.06,7-9,5.11,5.26,0.15,4.5,0.61,0.76,No call,,
2026-07-24,AM,Trey Yesavage,TOR,TOR @ BOS,8.35,73.1,13,5.62,7-9,5.08,5.27,0.19,5.5,-0.42,-0.23,No call,,
2026-07-24,AM,Spencer Arrighetti,HOU,HOU @ CWS,8.89,82,15,5.47,7-9,5.33,5.53,0.2,5.5,-0.17,0.03,No call,,
2026-07-24,AM,Davis Martin,CWS,HOU @ CWS,8.25,100.1,18,5.56,7-9,5.1,5.28,0.18,4.5,0.6,0.78,No call,,
2026-07-24,AM,MacKenzie Gore,TEX,SEA @ TEX,9.89,101,19,5.32,9-11,5.49,5.94,0.45,6.5,-1.01,-0.56,Under,,
2026-07-24,AM,Jacob Lopez,OAK,OAK @ MIN,7.04,53.2,10,5.32,7-9,4.8,4.8,0.0,4.5,0.3,0.3,No call,,
2026-07-24,AM,Zebby Matthews,MIN,OAK @ MIN,7.52,61,10,6.1,7-9,5.18,5.36,0.18,4.5,0.68,0.86,No call,,
2026-07-24,AM,Rhett Lowder,CIN,CIN @ STL,7.71,67.2,13,5.17,7-9,4.66,4.68,0.02,3.5,1.16,1.18,No call,,
2026-07-24,AM,Dustin May,STL,CIN @ STL,8.6,89,17,5.24,7-9,4.76,5.15,0.39,5.5,-0.74,-0.35,No call,,
2026-07-24,AM,Logan Webb,SFG,LAA @ SFG,7.18,100.1,16,6.26,7-9,4.93,5.32,0.39,6.5,-1.57,-1.18,Under,,
2026-07-24,LATE,Grant Holmes,ATL,ATL @ BAL,7.83,87.1,17,5.12,7-9,4.84,4.86,0.02,4.5,0.34,0.36,No call,,
2026-07-24,LATE,Trevor Rogers,BAL,ATL @ BAL,6.87,90.1,17,5.3,<7,4.52,4.83,0.31,4.5,0.02,0.33,No call,,
2026-07-24,LATE,Roki Sasaki,LAD,LAD @ NYM,8.89,81,16,5.06,7-9,5.07,5.25,0.18,5.5,-0.43,-0.25,No call,,
2026-07-24,LATE,Joey Cantillo,CLE,CLE @ TBR,9,96,19,5.05,9-11,5.29,5.46,0.17,4.5,0.79,0.96,No call,,
2026-07-24,LATE,Shane McClanahan,TBR,CLE @ TBR,8.58,86,17,5.06,7-9,5.11,5.26,0.15,5.5,-0.39,-0.24,No call,,
2026-07-24,LATE,Trey Yesavage,TOR,TOR @ BOS,8.35,73.1,13,5.62,7-9,5.08,5.27,0.19,4.5,0.58,0.77,No call,,
2026-07-24,LATE,Spencer Arrighetti,HOU,HOU @ CWS,8.89,82,15,5.47,7-9,5.33,5.53,0.2,5.5,-0.17,0.03,No call,,
2026-07-24,LATE,Davis Martin,CWS,HOU @ CWS,8.25,100.1,18,5.56,7-9,5.1,5.28,0.18,4.5,0.6,0.78,No call,,
2026-07-24,LATE,MacKenzie Gore,TEX,SEA @ TEX,9.89,101,19,5.32,9-11,5.49,5.94,0.45,5.5,-0.01,0.44,No call,,
2026-07-24,LATE,Jacob Lopez,OAK,OAK @ MIN,7.04,53.2,10,5.32,7-9,4.8,4.8,0.0,3.5,1.3,1.3,No call,,
2026-07-24,LATE,Zebby Matthews,MIN,OAK @ MIN,7.52,61,10,6.1,7-9,5.18,5.36,0.18,4.5,0.68,0.86,No call,,
2026-07-24,LATE,Rhett Lowder,CIN,CIN @ STL,7.71,67.2,13,5.17,7-9,4.66,4.68,0.02,3.5,1.16,1.18,No call,,
2026-07-24,LATE,Dustin May,STL,CIN @ STL,8.6,89,17,5.24,7-9,4.76,5.15,0.39,5.5,-0.74,-0.35,No call,,
2026-07-24,LATE,Logan Webb,SFG,LAA @ SFG,7.18,100.1,16,6.26,7-9,4.93,5.32,0.39,6.5,-1.57,-1.18,Under,,
2026-07-25,AM,Michael Wacha,KCR,KCR @ DET,7.24,119.1,19,6.27,7-9,5.0,5.39,0.39,4.5,0.5,0.89,No call,,
2026-07-25,AM,Casey Mize,DET,KCR @ DET,9.04,71.2,13,5.48,9-11,5.38,5.59,0.21,5.5,-0.12,0.09,No call,,
2026-07-25,AM,Foster Griffin,WSN,ARI @ WSN,8.89,110.1,19,5.79,7-9,5.31,5.54,0.23,4.5,0.81,1.04,No call,,
2026-07-25,AM,Robbie Ray,SFG,LAA @ SFG,7.61,101.2,17,5.95,7-9,4.98,5.37,0.39,5.5,-0.52,-0.13,No call,,
2026-07-25,AM,Dylan Cease,TOR,TOR @ BOS,13.55,98.1,17,5.77,11+,5.71,6.39,0.68,7.5,-1.79,-1.11,No call,,
2026-07-25,AM,Sonny Gray,BOS,TOR @ BOS,8.23,89.2,16,5.58,7-9,5.0,5.39,0.39,4.5,0.5,0.89,No call,,
2026-07-25,AM,Randy Vásquez,SDP,SDP @ MIA,6.43,84,16,5.25,<7,4.27,4.56,0.29,,,,No call,,
2026-07-25,AM,Eury Pérez,MIA,SDP @ MIA,10.05,79.2,15,5.28,9-11,5.44,5.9,0.46,6.5,-1.06,-0.6,Under,,
2026-07-25,AM,Ryan Weathers,NYY,NYY @ PHI,10.14,92.1,17,5.42,9-11,5.79,5.53,-0.26,6.5,-0.71,-0.97,No call,,
2026-07-25,AM,Tanner Bibee,CLE,CLE @ TBR,7.11,106.1,19,5.58,7-9,4.79,5.13,0.34,4.5,0.29,0.63,No call,,
2026-07-25,AM,Nick Martinez,TBR,CLE @ TBR,5.49,100,17,5.88,<7,4.46,4.74,0.28,3.5,0.96,1.24,No call,,
2026-07-25,AM,Shota Imanaga,CHC,CHC @ PIT,8.74,103,18,5.72,7-9,5.34,5.55,0.21,5.5,-0.16,0.05,No call,,
2026-07-25,AM,Paul Skenes,PIT,CHC @ PIT,10.75,103,19,5.42,9-11,5.84,5.6,-0.24,6.5,-0.66,-0.9,No call,,
2026-07-25,AM,Bryce Elder,ATL,ATL @ BAL,7.54,102.2,18,5.68,7-9,4.76,5.13,0.37,4.5,0.26,0.63,No call,,
2026-07-25,AM,Brandon Young,BAL,ATL @ BAL,7.22,77.1,14,5.51,7-9,4.8,4.83,0.03,4.5,0.3,0.33,No call,,
2026-07-25,AM,Sean Burke,CWS,HOU @ CWS,9.67,98.2,14,7.01,9-11,6.08,5.48,-0.6,5.5,0.58,-0.02,No call,,
2026-07-25,AM,Ryan Feltner,COL,COL @ MIL,6.68,63.1,13,4.85,<7,4.51,4.8,0.29,4.5,0.01,0.3,No call,,
2026-07-25,AM,Yoshinobu Yamamoto,LAD,LAD @ NYM,8.6,104.2,16,6.51,7-9,5.84,5.59,-0.25,6.5,-0.66,-0.91,No call,,
2026-07-25,AM,Nolan McLean,NYM,LAD @ NYM,10.48,101.1,18,5.62,9-11,5.34,5.85,0.51,6.5,-1.16,-0.65,Under,,
2026-07-25,AM,Andre Pallante,STL,CIN @ STL,6.48,100,18,5.56,<7,4.3,4.61,0.31,4.5,-0.2,0.11,No call,,
2026-07-25,AM,Bryan Woo,SEA,SEA @ TEX,8.8,104.1,18,5.78,7-9,5.35,5.79,0.44,5.5,-0.15,0.29,No call,,
2026-07-25,AM,Nathan Eovaldi,TEX,SEA @ TEX,9.7,111.1,18,6.17,9-11,5.4,5.92,0.52,6.5,-1.1,-0.58,Under,,
2026-07-25,LATE,Bryce Elder,ATL,ATL @ BAL,7.54,102.2,18,5.68,7-9,4.76,5.13,0.37,4.5,0.26,0.63,No call,,
2026-07-25,LATE,Brandon Young,BAL,ATL @ BAL,7.22,77.1,14,5.51,7-9,4.8,4.83,0.03,4.5,0.3,0.33,No call,,
2026-07-25,LATE,Sean Burke,CWS,HOU @ CWS,9.67,98.2,14,7.01,9-11,6.08,5.48,-0.6,5.5,0.58,-0.02,No call,,
2026-07-25,LATE,Ryan Feltner,COL,COL @ MIL,6.68,63.1,13,4.85,<7,4.51,4.8,0.29,4.5,0.01,0.3,No call,,
2026-07-25,LATE,Yoshinobu Yamamoto,LAD,LAD @ NYM,8.6,104.2,16,6.51,7-9,5.84,5.59,-0.25,6.5,-0.66,-0.91,No call,,
2026-07-25,LATE,Nolan McLean,NYM,LAD @ NYM,10.48,101.1,18,5.62,9-11,5.34,5.85,0.51,6.5,-1.16,-0.65,Under,,
2026-07-25,LATE,Andre Pallante,STL,CIN @ STL,6.48,100,18,5.56,<7,4.3,4.61,0.31,4.5,-0.2,0.11,No call,,
2026-07-25,LATE,Bryan Woo,SEA,SEA @ TEX,8.8,104.1,18,5.78,7-9,5.35,5.79,0.44,5.5,-0.15,0.29,No call,,
2026-07-25,LATE,Nathan Eovaldi,TEX,SEA @ TEX,9.7,111.1,18,6.17,9-11,5.4,5.92,0.52,6.5,-1.1,-0.58,Under,,
2026-07-26,AM,Parker Messick,CLE,CLE @ TBR,9.25,106,18,5.89,9-11,5.86,5.6,-0.26,4.5,1.36,1.1,No call,,
2026-07-26,AM,Drew Rasmussen,TBR,CLE @ TBR,8.88,99.1,18,5.51,7-9,5.38,5.8,0.42,4.5,0.88,1.3,No call,,
2026-07-26,AM,Jameson Taillon,CHC,CHC @ PIT,7.85,67.2,13,5.17,7-9,4.86,4.89,0.03,4.5,0.36,0.39,No call,,
2026-07-26,AM,Braxton Ashcraft,PIT,CHC @ PIT,10.14,108.1,18,6.01,9-11,5.34,5.87,0.53,5.5,-0.16,0.37,No call,,
2026-07-26,AM,Kevin Gausman,TOR,TOR @ BOS,9.14,106.1,19,5.58,9-11,5.22,5.66,0.44,5.5,-0.28,0.16,No call,,
2026-07-26,AM,Ranger Suarez,BOS,TOR @ BOS,9.56,91.1,17,5.36,9-11,5.24,5.68,0.44,4.5,0.74,1.18,No call,,
2026-07-26,AM,Shane Baz,BAL,ATL @ BAL,7.57,107,18,5.94,7-9,4.93,5.32,0.39,5.5,-0.57,-0.18,No call,,
2026-07-26,AM,Framber Valdez,DET,KCR @ DET,7.27,107.2,19,5.64,7-9,4.63,4.99,0.36,4.5,0.13,0.49,No call,,
2026-07-26,AM,Emmet Sheehan,LAD,LAD @ NYM,10.05,77,16,4.81,9-11,5.37,5.57,0.2,5.5,-0.13,0.07,No call,,
2026-07-26,AM,Freddy Peralta,NYM,LAD @ NYM,8.82,100,19,5.26,7-9,5.2,5.38,0.18,5.5,-0.3,-0.12,No call,,
2026-07-26,AM,Walker Buehler,SDP,SDP @ MIA,8.28,87,18,4.83,7-9,4.82,4.84,0.02,4.5,0.32,0.34,No call,,
2026-07-26,AM,Janson Junk,MIA,SDP @ MIA,6.65,65,12,5.42,<7,4.47,4.78,0.31,3.5,0.97,1.28,No call,,
2026-07-26,AM,Jeffrey Springs,OAK,OAK @ MIN,7.74,97.2,19,5.12,7-9,4.65,4.99,0.34,4.5,0.15,0.49,No call,,
2026-07-26,AM,Connor Prielipp,MIN,OAK @ MIN,9.59,66.2,13,5.09,9-11,5.25,5.67,0.42,4.5,0.75,1.17,No call,,
2026-07-26,AM,Kyle Freeland,COL,COL @ MIL,7.68,82,16,5.12,7-9,4.79,5.13,0.34,4.5,0.29,0.63,No call,,
2026-07-26,AM,Jacob Misiorowski,MIL,COL @ MIL,13.54,111,18,6.17,11+,6.53,7.25,0.72,8.5,-1.97,-1.25,No call,,
2026-07-26,AM,Andrew Abbott,CIN,CIN @ STL,7.22,101,19,5.32,7-9,4.5,4.83,0.33,3.5,1.0,1.33,No call,,
2026-07-26,AM,Kyle Leahy,STL,CIN @ STL,7.61,86.1,17,5.06,7-9,4.53,4.86,0.33,4.5,0.03,0.36,No call,,
2026-07-26,AM,Logan Gilbert,SEA,SEA @ TEX,9.56,107.1,18,5.95,9-11,5.87,5.63,-0.24,6.5,-0.63,-0.87,No call,,
2026-07-26,AM,Jacob deGrom,TEX,SEA @ TEX,10.91,100.2,18,5.57,9-11,5.49,6.01,0.52,7.5,-2.01,-1.49,Under,,
2026-07-26,AM,José Soriano,LAA,LAA @ SFG,9.76,106,19,5.58,9-11,5.75,6.0,0.25,5.5,0.25,0.5,No call,,
2026-07-26,AM,Will Warren,NYY,NYY @ PHI,9.06,93.1,18,5.17,9-11,5.31,5.49,0.18,4.5,0.81,0.99,No call,,
2026-07-26,AM,Cristopher Sánchez,PHI,NYY @ PHI,10.25,120.1,19,6.32,9-11,5.91,5.33,-0.58,7.5,-1.59,-2.17,Under,,
2026-07-26,LATE,Will Warren,NYY,NYY @ PHI,9.06,93.1,18,5.17,9-11,5.31,5.49,0.18,4.5,0.81,0.99,No call,,
2026-07-26,LATE,Cristopher Sánchez,PHI,NYY @ PHI,10.25,120.1,19,6.32,9-11,5.91,5.33,-0.58,7.5,-1.59,-2.17,Under,,
2026-07-27,AM,George Kirby,SEA,SEA @ TEX,8.02,110,18,6.11,7-9,5.39,5.59,0.2,5.5,-0.11,0.09,No call,,
2026-07-27,AM,Kumar Rocker,TEX,SEA @ TEX,7.9,84.1,15,5.61,7-9,4.99,5.37,0.38,4.5,0.49,0.87,No call,,
2026-07-27,AM,Kyle Bradish,BAL,BAL @ DET,9.03,100.2,18,5.57,9-11,5.22,5.65,0.43,5.5,-0.28,0.15,No call,,
2026-07-27,AM,Keider Montero,DET,BAL @ DET,5.72,94.1,15,6.27,<7,4.5,4.81,0.31,4.5,0.0,0.31,No call,,
2026-07-27,AM,Merrill Kelly,ARI,ARI @ PIT,5.67,93.2,16,5.83,<7,4.2,4.48,0.28,4.5,-0.3,-0.02,No call,,
2026-07-27,AM,Mitch Keller,PIT,ARI @ PIT,6.71,103.1,19,5.43,<7,4.48,4.79,0.31,3.5,0.98,1.29,No call,,
2026-07-27,AM,Zack Wheeler,PHI,PHI @ MIA,10.14,87,14,6.21,9-11,5.55,6.09,0.54,7.5,-1.95,-1.41,Under,,
2026-07-27,AM,Slade Cecconi,CLE,CLE @ CIN,7,99,19,5.21,7-9,4.65,4.64,-0.01,4.5,0.15,0.14,No call,,
2026-07-27,AM,Chase Burns,CIN,CLE @ CIN,10.34,102.2,18,5.68,9-11,5.34,5.85,0.51,6.5,-1.16,-0.65,Under,,
2026-07-27,AM,Martín Pérez,ATL,ATL @ NYM,6.86,81.1,14,5.79,<7,4.63,4.97,0.34,3.5,1.13,1.47,No call,,
2026-07-27,AM,Max Fried,NYY,NYY @ CWS,7.3,61.2,10,6.12,7-9,5.02,5.4,0.38,5.5,-0.48,-0.1,No call,,
2026-07-27,AM,Noah Schultz,CWS,NYY @ CWS,8.06,48,10,4.8,7-9,4.79,4.8,0.01,4.5,0.29,0.3,No call,,
2026-07-27,AM,David Peterson,CHC,CHC @ STL,7.65,82.1,11,7.46,7-9,5.56,5.75,0.19,3.5,2.06,2.25,No call,,
2026-07-27,AM,Tatsuya Imai,HOU,HOU @ LAA,10.9,52,13,4.0,9-11,5.04,5.72,0.68,6.5,-1.46,-0.78,Under,,
2026-07-27,AM,Walbert Ureña,LAA,HOU @ LAA,8.63,81.1,15,5.41,7-9,5.32,5.5,0.18,4.5,0.82,1.0,No call,,
2026-07-27,AM,Payton Tolle,BOS,BOS @ OAK,8.96,80.1,14,5.72,7-9,5.36,5.8,0.44,5.5,-0.14,0.3,No call,,
2026-07-27,AM,Brandon Sproat,MIL,MIL @ SFG,9.57,79,15,5.27,9-11,5.4,5.62,0.22,4.5,0.9,1.12,No call,,
2026-07-27,AM,Tyler Mahle,SFG,MIL @ SFG,8.75,71,14,5.07,7-9,4.88,5.26,0.38,4.5,0.38,0.76,No call,,
2026-07-27,LATE,Slade Cecconi,CLE,CLE @ CIN,7,99,19,5.21,7-9,4.65,4.64,-0.01,4.5,0.15,0.14,No call,,
2026-07-27,LATE,Chase Burns,CIN,CLE @ CIN,10.34,102.2,18,5.68,9-11,5.34,5.85,0.51,6.5,-1.16,-0.65,No call,,
2026-07-27,LATE,Martín Pérez,ATL,ATL @ NYM,6.86,81.1,14,5.79,<7,4.63,4.97,0.34,3.5,1.13,1.47,No call,,
2026-07-27,LATE,Max Fried,NYY,NYY @ CWS,7.3,61.2,10,6.12,7-9,5.02,5.4,0.38,5.5,-0.48,-0.1,No call,,
2026-07-27,LATE,Noah Schultz,CWS,NYY @ CWS,8.06,48,10,4.8,7-9,4.79,4.8,0.01,4.5,0.29,0.3,No call,,
2026-07-27,LATE,David Peterson,CHC,CHC @ STL,7.65,82.1,11,7.46,7-9,5.56,5.75,0.19,3.5,2.06,2.25,No call,,
2026-07-27,LATE,Matthew Liberatore,STL,CHC @ STL,8.42,87.2,18,4.84,7-9,4.73,4.77,0.04,4.5,0.23,0.27,No call,,
2026-07-27,LATE,Tatsuya Imai,HOU,HOU @ LAA,10.9,52,13,4.0,9-11,5.04,5.72,0.68,6.5,-1.46,-0.78,Under,,
2026-07-27,LATE,Walbert Ureña,LAA,HOU @ LAA,8.63,81.1,15,5.41,7-9,5.32,5.5,0.18,4.5,0.82,1.0,No call,,
2026-07-27,LATE,Payton Tolle,BOS,BOS @ OAK,8.96,80.1,14,5.72,7-9,5.36,5.8,0.44,5.5,-0.14,0.3,No call,,
2026-07-27,LATE,Brandon Sproat,MIL,MIL @ SFG,9.57,79,15,5.27,9-11,5.4,5.62,0.22,4.5,0.9,1.12,No call,,
2026-07-27,LATE,Tyler Mahle,SFG,MIL @ SFG,8.75,71,14,5.07,7-9,4.88,5.26,0.38,4.5,0.38,0.76,No call,,
2026-07-28,AM,Slade Cecconi,CLE,CLE @ CIN,7,99,19,5.21,7-9,4.65,4.64,-0.01,4.5,0.15,0.14,No call,,
2026-07-28,AM,Chase Burns,CIN,CLE @ CIN,10.34,102.2,18,5.68,9-11,5.34,5.85,0.51,6.5,-1.16,-0.65,Under,,
2026-07-28,AM,Gavin Williams,CLE,CLE @ CIN,10.64,113.1,19,5.95,9-11,5.73,5.13,-0.6,7.5,-1.77,-2.37,No call,,
2026-07-28,AM,Bubba Chandler,PIT,ARI @ PIT,7.93,89.2,17,5.25,7-9,4.63,4.99,0.36,3.5,1.13,1.49,No call,,
2026-07-28,AM,Griffin Jax,TBR,TEX @ TBR,9.42,65,13,5.0,9-11,5.21,5.62,0.41,5.5,-0.29,0.12,No call,,
2026-07-28,AM,Aaron Nola,PHI,PHI @ MIA,9.2,92,18,5.11,9-11,5.1,5.29,0.19,5.5,-0.4,-0.21,No call,,
2026-07-28,AM,Sandy Alcantara,MIA,PHI @ MIA,6.7,123.2,19,6.48,<7,4.81,5.18,0.37,5.5,-0.69,-0.32,No call,,
2026-07-28,AM,Cade Cavalli,WSN,TOR @ WSN,10.2,92.2,19,4.85,9-11,5.14,5.36,0.22,4.5,0.64,0.86,No call,,
2026-07-28,AM,Chris Sale,ATL,ATL @ NYM,10.61,95,16,5.94,9-11,5.69,5.09,-0.6,7.5,-1.81,-2.41,No call,,
2026-07-28,AM,Christian Scott,NYM,ATL @ NYM,10.83,54,12,4.5,9-11,5.4,5.61,0.21,5.5,-0.1,0.11,No call,,
2026-07-28,AM,Seth Lugo,KCR,KCR @ MIN,7.15,100.2,18,5.57,7-9,4.67,5.01,0.34,3.5,1.17,1.51,No call,,
2026-07-28,AM,Taj Bradley,MIN,KCR @ MIN,10.54,95.2,17,5.6,9-11,5.4,5.91,0.51,6.5,-1.1,-0.59,No call,,
2026-07-28,AM,Anthony Kay,CWS,NYY @ CWS,7.15,89.1,17,5.24,7-9,4.69,4.7,0.01,4.5,0.19,0.2,No call,,
2026-07-28,AM,Colin Rea,CHC,CHC @ STL,6.65,94.2,15,6.28,<7,4.82,4.86,0.04,3.5,1.32,1.36,No call,,
2026-07-28,AM,Peter Lambert,HOU,HOU @ LAA,8.32,80,14,5.71,7-9,5.38,5.58,0.2,5.5,-0.12,0.08,No call,,
2026-07-28,AM,Reid Detmers,LAA,HOU @ LAA,10.19,108.2,19,5.69,9-11,5.36,5.86,0.5,6.5,-1.14,-0.64,Under,,
2026-07-28,AM,Michael Lorenzen,COL,COL @ SDP,7.04,92,19,4.84,7-9,4.45,4.74,0.29,3.5,0.95,1.24,No call,,
2026-07-28,AM,Michael King,SDP,COL @ SDP,7.64,108.1,19,5.69,7-9,4.95,5.32,0.37,5.5,-0.55,-0.18,No call,,
2026-07-28,AM,Landen Roupp,SFG,MIL @ SFG,9.65,97,18,5.39,9-11,5.32,5.77,0.45,5.5,-0.18,0.27,No call,,
2026-07-28,AM,Luis Castillo,SEA,SEA @ LAD,8.38,82.2,14,5.87,7-9,5.38,5.59,0.21,4.5,0.88,1.09,No call,,
2026-07-28,LATE,Gavin Williams,CLE,CLE @ CIN,10.64,113.1,19,5.95,9-11,5.73,5.13,-0.6,7.5,-1.77,-2.37,No call,,
2026-07-28,LATE,Seth Lugo,KCR,KCR @ MIN,7.15,100.2,18,5.57,7-9,4.67,5.01,0.34,3.5,1.17,1.51,No call,,
2026-07-28,LATE,Taj Bradley,MIN,KCR @ MIN,10.54,95.2,17,5.6,9-11,5.4,5.91,0.51,6.5,-1.1,-0.59,Under,,
2026-07-28,LATE,Anthony Kay,CWS,NYY @ CWS,7.15,89.1,17,5.24,7-9,4.69,4.7,0.01,4.5,0.19,0.2,No call,,
2026-07-28,LATE,Colin Rea,CHC,CHC @ STL,6.65,94.2,15,6.28,<7,4.82,4.86,0.04,3.5,1.32,1.36,No call,,
2026-07-28,LATE,Michael McGreevy,STL,CHC @ STL,5.84,101.2,18,5.62,<7,4.04,4.32,0.28,3.5,0.54,0.82,No call,,
2026-07-28,LATE,Peter Lambert,HOU,HOU @ LAA,8.32,80,14,5.71,7-9,5.38,5.58,0.2,5.5,-0.12,0.08,No call,,
2026-07-28,LATE,Reid Detmers,LAA,HOU @ LAA,10.19,108.2,19,5.69,9-11,5.36,5.86,0.5,6.5,-1.14,-0.64,Under,,
2026-07-28,LATE,Michael Lorenzen,COL,COL @ SDP,7.04,92,19,4.84,7-9,4.45,4.74,0.29,3.5,0.95,1.24,No call,,
2026-07-28,LATE,Michael King,SDP,COL @ SDP,7.64,108.1,19,5.69,7-9,4.95,5.32,0.37,5.5,-0.55,-0.18,No call,,
2026-07-28,LATE,Landen Roupp,SFG,MIL @ SFG,9.65,97,18,5.39,9-11,5.32,5.77,0.45,5.5,-0.18,0.27,No call,,
2026-07-28,LATE,Luis Castillo,SEA,SEA @ LAD,8.38,82.2,14,5.87,7-9,5.38,5.59,0.21,4.5,0.88,1.09,No call,,
2026-07-28,LATE,Justin Wrobleski,LAD,SEA @ LAD,6.55,100.1,15,6.67,<7,4.88,5.26,0.38,5.5,-0.62,-0.24,No call,,
2026-07-28,LATE,Chris Sale,ATL,ATL @ NYM,10.61,95,16,5.94,9-11,5.69,5.09,-0.6,,,,No call,,
2026-07-28,LATE,Christian Scott,NYM,ATL @ NYM,10.83,54,12,4.5,9-11,5.4,5.61,0.21,,,,No call,,
2026-07-29,AM,Jesús Luzardo,PHI,PHI @ MIA,11.09,110.1,19,5.79,11+,5.67,5.08,-0.59,6.5,-0.83,-1.42,Under,,
2026-07-29,AM,Eduardo Rodriguez,ARI,ARI @ PIT,6.17,108,18,6.0,<7,4.53,4.84,0.31,4.5,0.03,0.34,No call,,
2026-07-29,AM,Trey Yesavage,TOR,TOR @ WSN,8.35,73.1,13,5.62,7-9,4.91,5.32,0.41,5.5,-0.59,-0.18,No call,,
2026-07-29,AM,Zack Littell,WSN,TOR @ WSN,5.44,86,12,7.17,<7,4.53,4.78,0.25,2.5,2.03,2.28,No call,,
2026-07-29,AM,Trevor Rogers,BAL,BAL @ DET,6.87,90.1,17,5.3,<7,4.54,4.86,0.32,4.5,0.04,0.36,No call,,
2026-07-29,AM,Tarik Skubal,DET,BAL @ DET,10.7,70.2,12,5.85,9-11,5.58,6.12,0.54,8.5,-2.92,-2.38,Under,,
2026-07-29,AM,Chris Sale,ATL,ATL @ NYM,10.61,95,16,5.94,9-11,5.69,5.09,-0.6,7.5,-1.81,-2.41,No call,,
2026-07-29,AM,Christian Scott,NYM,ATL @ NYM,10.83,54,12,4.5,9-11,5.4,5.61,0.21,5.5,-0.1,0.11,No call,,
2026-07-29,AM,Logan Webb,SFG,MIL @ SFG,7.18,100.1,16,6.26,7-9,4.93,5.32,0.39,5.5,-0.57,-0.18,No call,,
2026-07-29,AM,MacKenzie Gore,TEX,TEX @ TBR,9.89,101,19,5.32,9-11,5.69,5.41,-0.28,5.5,0.19,-0.09,No call,,
2026-07-29,AM,Joey Cantillo,CLE,CLE @ CIN,9,96,19,5.05,9-11,5.12,5.29,0.17,6.5,-1.38,-1.21,Under,,
2026-07-29,AM,Brady Singer,CIN,CLE @ CIN,7.63,89.2,18,4.96,7-9,4.75,4.79,0.04,4.5,0.25,0.29,No call,,
2026-07-29,AM,Joe Ryan,MIN,KCR @ MIN,10.52,104.1,19,5.48,9-11,6.0,5.76,-0.24,6.5,-0.5,-0.74,No call,,
2026-07-29,AM,Cam Schlittler,NYY,NYY @ CWS,10.53,112,19,5.89,9-11,5.55,6.08,0.53,7.5,-1.95,-1.42,Under,,
2026-07-29,AM,Davis Martin,CWS,NYY @ CWS,8.25,100.1,18,5.56,7-9,5.1,5.28,0.18,4.5,0.6,0.78,No call,,
2026-07-29,AM,Dustin May,STL,CHC @ STL,8.6,89,17,5.24,7-9,4.76,5.15,0.39,5.5,-0.74,-0.35,No call,,
2026-07-29,AM,Jacob Lopez,OAK,BOS @ OAK,7.04,53.2,10,5.32,7-9,4.71,4.72,0.01,4.5,0.21,0.22,No call,,
2026-07-29,AM,Emerson Hancock,SEA,SEA @ LAD,8.48,97.2,17,5.72,7-9,5.31,5.51,0.2,4.5,0.81,1.01,No call,,
2026-07-29,AM,Eric Lauer,LAD,SEA @ LAD,5.52,76.2,12,6.35,<7,4.46,4.77,0.31,4.5,-0.04,0.27,No call,,
2026-07-29,LATE,Chris Sale,ATL,ATL @ NYM,10.61,95,16,5.94,9-11,5.69,5.09,-0.6,7.5,-1.81,-2.41,No call,,
2026-07-29,LATE,Christian Scott,NYM,ATL @ NYM,10.83,54,12,4.5,9-11,5.4,5.61,0.21,5.5,-0.1,0.11,No call,,
2026-07-29,LATE,Joey Cantillo,CLE,CLE @ CIN,9,96,19,5.05,9-11,5.12,5.29,0.17,6.5,-1.38,-1.21,Under,,
2026-07-29,LATE,Brady Singer,CIN,CLE @ CIN,7.63,89.2,18,4.96,7-9,4.75,4.79,0.04,4.5,0.25,0.29,No call,,
2026-07-29,LATE,Joe Ryan,MIN,KCR @ MIN,10.52,104.1,19,5.48,9-11,6.0,5.76,-0.24,6.5,-0.5,-0.74,No call,,
2026-07-29,LATE,Cam Schlittler,NYY,NYY @ CWS,10.53,112,19,5.89,9-11,5.55,6.08,0.53,7.5,-1.95,-1.42,No call,,
2026-07-29,LATE,Davis Martin,CWS,NYY @ CWS,8.25,100.1,18,5.56,7-9,5.1,5.28,0.18,5.5,-0.4,-0.22,No call,,
2026-07-29,LATE,Dustin May,STL,CHC @ STL,8.6,89,17,5.24,7-9,4.76,5.15,0.39,5.5,-0.74,-0.35,No call,,
2026-07-29,LATE,Jacob Lopez,OAK,BOS @ OAK,7.04,53.2,10,5.32,7-9,4.71,4.72,0.01,4.5,0.21,0.22,No call,,
2026-07-29,LATE,Emerson Hancock,SEA,SEA @ LAD,8.48,97.2,17,5.72,7-9,5.31,5.51,0.2,4.5,0.81,1.01,No call,,
2026-07-29,LATE,Eric Lauer,LAD,SEA @ LAD,5.52,76.2,12,6.35,<7,4.46,4.77,0.31,4.5,-0.04,0.27,No call,,
2026-07-30,AM,Shane McClanahan,TBR,TEX @ TBR,8.58,86,17,5.06,7-9,5.11,5.26,0.15,4.5,0.61,0.76,No call,,
2026-07-30,AM,Noah Cameron,KCR,KCR @ MIN,8.32,88.2,17,5.19,7-9,4.96,5.34,0.38,4.5,0.46,0.84,No call,,
2026-07-30,AM,Bailey Ober,MIN,KCR @ MIN,6.4,71.2,13,5.48,<7,4.58,4.56,-0.02,4.5,0.08,0.06,No call,,
2026-07-30,AM,Ryan Weathers,NYY,NYY @ CWS,10.14,92.1,17,5.42,9-11,5.68,5.42,-0.26,6.5,-0.82,-1.08,Under,,
2026-07-30,AM,Sean Burke,CWS,NYY @ CWS,9.67,98.2,14,7.01,9-11,6.08,5.48,-0.6,7.5,-1.42,-2.02,Under,,
2026-07-30,AM,Andre Pallante,STL,CHC @ STL,6.48,100,18,5.56,<7,4.3,4.61,0.31,4.5,-0.2,0.11,No call,,
2026-07-30,AM,Rhett Lowder,CIN,PIT @ CIN,7.71,67.2,13,5.17,7-9,4.65,5.0,0.35,4.5,0.15,0.5,No call,,
2026-07-30,AM,Eury Pérez,MIA,MIA @ NYM,10.05,79.2,15,5.28,9-11,5.59,6.05,0.46,5.5,0.09,0.55,No call,,
2026-07-30,AM,Nolan McLean,NYM,MIA @ NYM,10.48,101.1,18,5.62,9-11,5.34,5.85,0.51,6.5,-1.16,-0.65,No call,,
2026-07-30,AM,Jake Irvin,WSN,WSN @ ATL,10.1,51.2,11,4.65,9-11,5.4,5.59,0.19,3.5,1.9,2.09,No call,,
2026-07-30,AM,Grant Holmes,ATL,WSN @ ATL,7.83,87.1,17,5.12,7-9,4.77,5.12,0.35,4.5,0.27,0.62,No call,,
2026-07-30,AM,Sonny Gray,BOS,BOS @ OAK,8.23,89.2,16,5.58,7-9,5.11,5.29,0.18,4.5,0.61,0.79,No call,,
2026-07-30,AM,Bryan Woo,SEA,SEA @ LAD,8.8,104.1,18,5.78,7-9,5.29,5.74,0.45,5.5,-0.21,0.24,No call,,
2026-07-30,AM,Roki Sasaki,LAD,SEA @ LAD,8.89,81,16,5.06,7-9,4.99,5.38,0.39,5.5,-0.51,-0.12,No call,,
2026-07-30,LATE,Rhett Lowder,CIN,PIT @ CIN,7.71,67.2,13,5.17,7-9,4.65,5.0,0.35,4.5,0.15,0.5,No call,,
2026-07-30,LATE,Eury Pérez,MIA,MIA @ NYM,10.05,79.2,15,5.28,9-11,5.59,6.05,0.46,5.5,0.09,0.55,No call,,
2026-07-30,LATE,Nolan McLean,NYM,MIA @ NYM,10.48,101.1,18,5.62,9-11,5.34,5.85,0.51,6.5,-1.16,-0.65,No call,,
2026-07-30,LATE,Jake Irvin,WSN,WSN @ ATL,10.1,51.2,11,4.65,9-11,5.4,5.59,0.19,3.5,1.9,2.09,No call,,
2026-07-30,LATE,Grant Holmes,ATL,WSN @ ATL,7.83,87.1,17,5.12,7-9,4.77,5.12,0.35,4.5,0.27,0.62,No call,,
2026-07-30,LATE,Sonny Gray,BOS,BOS @ OAK,8.23,89.2,16,5.58,7-9,5.11,5.29,0.18,4.5,0.61,0.79,No call,,
2026-07-30,LATE,Bryan Woo,SEA,SEA @ LAD,8.8,104.1,18,5.78,7-9,5.29,5.74,0.45,5.5,-0.21,0.24,No call,,
2026-07-30,LATE,Roki Sasaki,LAD,SEA @ LAD,8.89,81,16,5.06,7-9,4.99,5.38,0.39,5.5,-0.51,-0.12,No call,,
2026-07-31,AM,Will Warren,NYY,NYY @ CHC,9.06,93.1,18,5.17,9-11,5.28,5.46,0.18,4.5,0.78,0.96,No call,,
2026-07-31,AM,Shota Imanaga,CHC,NYY @ CHC,8.74,103,18,5.72,7-9,5.32,5.76,0.44,5.5,-0.18,0.26,No call,,
2026-07-31,AM,Paul Skenes,PIT,PIT @ CIN,10.75,103,19,5.42,9-11,6.01,5.78,-0.23,7.5,-1.49,-1.72,No call,,
2026-07-31,AM,Brandon Young,BAL,PHI @ BAL,7.22,77.1,14,5.51,7-9,4.8,4.83,0.03,4.5,0.3,0.33,No call,,
2026-07-31,AM,Kyle Leahy,STL,STL @ TOR,7.61,86.1,17,5.06,7-9,4.7,4.71,0.01,3.5,1.2,1.21,No call,,
2026-07-31,AM,Dylan Cease,TOR,STL @ TOR,13.55,98.1,17,5.77,11+,5.74,6.42,0.68,7.5,-1.76,-1.08,No call,,
2026-07-31,AM,Tanner Bibee,CLE,ARI @ CLE,7.11,106.1,19,5.58,7-9,4.62,4.96,0.34,4.5,0.12,0.46,No call,,
2026-07-31,AM,Nick Martinez,TBR,CWS @ TBR,5.49,100,17,5.88,<7,4.46,4.74,0.28,4.5,-0.04,0.24,No call,,
2026-07-31,AM,Janson Junk,MIA,MIA @ NYM,6.65,65,12,5.42,<7,4.61,4.6,-0.01,3.5,1.11,1.1,No call,,
2026-07-31,AM,Freddy Peralta,NYM,MIA @ NYM,8.82,100,19,5.26,7-9,5.2,5.38,0.18,5.5,-0.3,-0.12,No call,,
2026-07-31,AM,Foster Griffin,WSN,WSN @ ATL,8.89,110.1,19,5.79,7-9,5.55,6.0,0.45,4.5,1.05,1.5,No call,,
2026-07-31,AM,Bryce Elder,ATL,WSN @ ATL,7.54,102.2,18,5.68,7-9,5.02,5.39,0.37,4.5,0.52,0.89,No call,,
2026-07-31,AM,Nathan Eovaldi,TEX,TEX @ HOU,9.7,111.1,18,6.17,9-11,5.43,5.95,0.52,6.5,-1.07,-0.55,Under,,
2026-07-31,AM,Michael Wacha,KCR,KCR @ COL,7.24,119.1,19,6.27,7-9,4.77,5.16,0.39,4.5,0.27,0.66,No call,,
2026-07-31,AM,Tomoyuki Sugano,COL,KCR @ COL,5.12,84.1,16,5.26,<7,4.96,5.17,0.21,3.5,1.46,1.67,No call,,
2026-07-31,AM,Jeffrey Springs,OAK,DET @ OAK,7.74,97.2,19,5.12,7-9,4.56,4.91,0.35,4.5,0.06,0.41,No call,,
2026-07-31,AM,Ranger Suarez,BOS,BOS @ LAD,9.56,91.1,17,5.36,9-11,5.32,5.77,0.45,4.5,0.82,1.27,No call,,
2026-07-31,AM,Zebby Matthews,MIN,MIN @ SEA,7.52,61,10,6.1,7-9,5.34,5.73,0.39,4.5,0.84,1.23,No call,,
2026-07-31,LATE,Andrew Painter,PHI,PHI @ BAL,7.34,65,12,5.42,7-9,4.8,4.82,0.02,3.5,1.3,1.32,No call,,
2026-07-31,LATE,Brandon Young,BAL,PHI @ BAL,7.22,77.1,14,5.51,7-9,4.8,4.83,0.03,4.5,0.3,0.33,No call,,
2026-07-31,LATE,Kyle Leahy,STL,STL @ TOR,7.61,86.1,17,5.06,7-9,4.7,4.71,0.01,3.5,1.2,1.21,No call,,
2026-07-31,LATE,Dylan Cease,TOR,STL @ TOR,13.55,98.1,17,5.77,11+,5.74,6.42,0.68,7.5,-1.76,-1.08,No call,,
2026-07-31,LATE,Tanner Bibee,CLE,ARI @ CLE,7.11,106.1,19,5.58,7-9,4.62,4.96,0.34,4.5,0.12,0.46,No call,,
2026-07-31,LATE,Nick Martinez,TBR,CWS @ TBR,5.49,100,17,5.88,<7,4.46,4.74,0.28,4.5,-0.04,0.24,No call,,
2026-07-31,LATE,Janson Junk,MIA,MIA @ NYM,6.65,65,12,5.42,<7,4.61,4.6,-0.01,3.5,1.11,1.1,No call,,
2026-07-31,LATE,Foster Griffin,WSN,WSN @ ATL,8.89,110.1,19,5.79,7-9,5.55,6.0,0.45,4.5,1.05,1.5,No call,,
2026-07-31,LATE,Bryce Elder,ATL,WSN @ ATL,7.54,102.2,18,5.68,7-9,5.02,5.39,0.37,4.5,0.52,0.89,No call,,
2026-07-31,LATE,Nathan Eovaldi,TEX,TEX @ HOU,9.7,111.1,18,6.17,9-11,5.43,5.95,0.52,6.5,-1.07,-0.55,Under,,
2026-07-31,LATE,Michael Wacha,KCR,KCR @ COL,7.24,119.1,19,6.27,7-9,4.77,5.16,0.39,4.5,0.27,0.66,No call,,
2026-07-31,LATE,Tomoyuki Sugano,COL,KCR @ COL,5.12,84.1,16,5.26,<7,4.96,5.17,0.21,3.5,1.46,1.67,No call,,
2026-07-31,LATE,Jeffrey Springs,OAK,DET @ OAK,7.74,97.2,19,5.12,7-9,4.56,4.91,0.35,4.5,0.06,0.41,No call,,
2026-07-31,LATE,Ranger Suarez,BOS,BOS @ LAD,9.56,91.1,17,5.36,9-11,5.32,5.77,0.45,4.5,0.82,1.27,No call,,
2026-07-31,LATE,Zebby Matthews,MIN,MIN @ SEA,7.52,61,10,6.1,7-9,5.34,5.73,0.39,4.5,0.84,1.23,No call,,
2026-08-01,AM,Kevin Gausman,TOR,STL @ TOR,9.14,106.1,19,5.58,9-11,5.25,5.69,0.44,5.5,-0.25,0.19,No call,,
2026-08-01,AM,Connor Prielipp,MIN,MIN @ SEA,9.59,66.2,13,5.09,9-11,5.62,6.04,0.42,5.5,0.12,0.54,No call,,
2026-08-01,AM,Logan Gilbert,SEA,MIN @ SEA,9.56,107.1,18,5.95,9-11,5.57,6.06,0.49,6.5,-0.93,-0.44,Under,,
2026-08-01,AM,Drew Rasmussen,TBR,CWS @ TBR,8.88,99.1,18,5.51,7-9,5.38,5.8,0.42,5.5,-0.12,0.3,No call,,
2026-08-01,AM,Braxton Ashcraft,PIT,PIT @ CIN,10.14,108.1,18,6.01,9-11,5.52,6.04,0.52,6.5,-0.98,-0.46,No call,,
2026-08-01,AM,Andrew Abbott,CIN,PIT @ CIN,7.22,101,19,5.32,7-9,4.82,4.83,0.01,5.5,-0.68,-0.67,No call,,
2026-08-01,AM,Cristopher Sánchez,PHI,PHI @ BAL,10.25,120.1,19,6.32,9-11,5.71,5.13,-0.58,7.5,-1.79,-2.37,Under,,
2026-08-01,AM,Shane Baz,BAL,PHI @ BAL,7.57,107,18,5.94,7-9,4.93,5.32,0.39,5.5,-0.57,-0.18,No call,,
2026-08-01,AM,Jacob deGrom,TEX,TEX @ HOU,10.91,100.2,18,5.57,9-11,5.52,6.04,0.52,6.5,-0.98,-0.46,No call,,
2026-08-01,AM,Parker Messick,CLE,ARI @ CLE,9.25,106,18,5.89,9-11,5.68,5.42,-0.26,5.5,0.18,-0.08,No call,,
2026-08-01,AM,Max Fried,NYY,NYY @ CHC,7.3,61.2,10,6.12,7-9,5.1,5.27,0.17,4.5,0.6,0.77,No call,,
2026-08-01,AM,David Peterson,CHC,NYY @ CHC,7.65,82.1,11,7.46,7-9,5.9,5.36,-0.54,5.5,0.4,-0.14,No call,,
2026-08-01,AM,Ryan Feltner,COL,KCR @ COL,6.68,63.1,13,4.85,<7,5.39,4.25,-1.14,3.5,1.89,0.75,No call,,
2026-08-01,AM,Tyler Mahle,SFG,SFG @ SDP,8.75,71,14,5.07,7-9,5.02,5.4,0.38,3.5,1.52,1.9,No call,,
2026-08-01,AM,Walker Buehler,SDP,SFG @ SDP,8.28,87,18,4.83,7-9,4.64,4.98,0.34,4.5,0.14,0.48,No call,,
2026-08-01,AM,Payton Tolle,BOS,BOS @ LAD,8.96,80.1,14,5.72,7-9,5.33,5.77,0.44,5.5,-0.17,0.27,No call,,
2026-08-01,AM,Yoshinobu Yamamoto,LAD,BOS @ LAD,8.6,104.2,16,6.51,7-9,5.75,5.5,-0.25,6.5,-0.75,-1.0,No call,,
2026-08-01,AM,José Soriano,LAA,MIL @ LAA,9.76,106,19,5.58,9-11,5.98,5.5,-0.48,5.5,0.48,0.0,No call,,
2026-08-01,AM,Framber Valdez,DET,DET @ OAK,7.27,107.2,19,5.64,7-9,4.69,5.04,0.35,4.5,0.19,0.54,No call,,
2026-08-01,LATE,Cristopher Sánchez,PHI,PHI @ BAL,10.25,120.1,19,6.32,9-11,5.71,5.13,-0.58,7.5,-1.79,-2.37,Under,,
2026-08-01,LATE,Shane Baz,BAL,PHI @ BAL,7.57,107,18,5.94,7-9,4.93,5.32,0.39,5.5,-0.57,-0.18,No call,,
2026-08-01,LATE,Jacob deGrom,TEX,TEX @ HOU,10.91,100.2,18,5.57,9-11,5.52,6.04,0.52,6.5,-0.98,-0.46,Under,,
2026-08-01,LATE,Parker Messick,CLE,ARI @ CLE,9.25,106,18,5.89,9-11,5.68,5.42,-0.26,4.5,1.18,0.92,No call,,
2026-08-01,LATE,Max Fried,NYY,NYY @ CHC,7.3,61.2,10,6.12,7-9,5.1,5.27,0.17,4.5,0.6,0.77,No call,,
2026-08-01,LATE,David Peterson,CHC,NYY @ CHC,7.65,82.1,11,7.46,7-9,5.9,5.36,-0.54,4.5,1.4,0.86,No call,,
2026-08-01,LATE,Ryan Feltner,COL,KCR @ COL,6.68,63.1,13,4.85,<7,5.39,4.25,-1.14,3.5,1.89,0.75,No call,,
2026-08-01,LATE,Tyler Mahle,SFG,SFG @ SDP,8.75,71,14,5.07,7-9,5.02,5.4,0.38,4.5,0.52,0.9,No call,,
2026-08-01,LATE,Walker Buehler,SDP,SFG @ SDP,8.28,87,18,4.83,7-9,4.64,4.98,0.34,4.5,0.14,0.48,No call,,
2026-08-01,LATE,Payton Tolle,BOS,BOS @ LAD,8.96,80.1,14,5.72,7-9,5.33,5.77,0.44,5.5,-0.17,0.27,No call,,
2026-08-01,LATE,Yoshinobu Yamamoto,LAD,BOS @ LAD,8.6,104.2,16,6.51,7-9,5.75,5.5,-0.25,6.5,-0.75,-1.0,No call,,
2026-08-01,LATE,Framber Valdez,DET,DET @ OAK,7.27,107.2,19,5.64,7-9,4.69,5.04,0.35,4.5,0.19,0.54,No call,,
2026-08-02,AM,Zack Wheeler,PHI,PHI @ BAL,10.14,87,14,6.21,9-11,5.55,6.09,0.54,7.5,-1.95,-1.41,No call,,
2026-08-02,AM,Kyle Bradish,BAL,PHI @ BAL,9.03,100.2,18,5.57,9-11,5.19,5.63,0.44,5.5,-0.31,0.13,No call,,
2026-08-02,AM,Cade Cavalli,WSN,WSN @ ATL,10.2,92.2,19,4.85,9-11,5.38,5.82,0.44,5.5,-0.12,0.32,No call,,
2026-08-02,AM,Matthew Liberatore,STL,STL @ TOR,8.42,87.2,18,4.84,7-9,4.58,4.94,0.36,3.5,1.08,1.44,No call,,
2026-08-02,AM,Merrill Kelly,ARI,ARI @ CLE,5.67,93.2,16,5.83,<7,4.37,4.66,0.29,3.5,0.87,1.16,No call,,
2026-08-02,AM,Gavin Williams,CLE,ARI @ CLE,10.64,113.1,19,5.95,9-11,5.73,5.13,-0.6,6.5,-0.77,-1.37,No call,,
2026-08-02,AM,Mitch Keller,PIT,PIT @ CIN,6.71,103.1,19,5.43,<7,4.65,4.64,-0.01,4.5,0.15,0.14,No call,,
2026-08-02,AM,Chase Burns,CIN,PIT @ CIN,10.34,102.2,18,5.68,9-11,5.34,5.85,0.51,6.5,-1.16,-0.65,No call,,
2026-08-02,AM,Anthony Kay,CWS,CWS @ TBR,7.15,89.1,17,5.24,7-9,4.6,4.93,0.33,4.5,0.1,0.43,No call,,
2026-08-02,AM,Griffin Jax,TBR,CWS @ TBR,9.42,65,13,5.0,9-11,5.21,5.62,0.41,6.5,-1.29,-0.88,Under,,
2026-08-02,AM,Sandy Alcantara,MIA,MIA @ NYM,6.7,123.2,19,6.48,<7,4.95,5.32,0.37,4.5,0.45,0.82,No call,,
2026-08-02,AM,Kumar Rocker,TEX,TEX @ HOU,7.9,84.1,15,5.61,7-9,5.02,5.4,0.38,4.5,0.52,0.9,No call,,
2026-08-02,AM,Peter Lambert,HOU,TEX @ HOU,8.32,80,14,5.71,7-9,5.3,5.49,0.19,5.5,-0.2,-0.01,No call,,
2026-08-02,AM,Colin Rea,CHC,NYY @ CHC,6.65,94.2,15,6.28,<7,4.84,5.21,0.37,5.5,-0.66,-0.29,No call,,
2026-08-02,AM,Seth Lugo,KCR,KCR @ COL,7.15,100.2,18,5.57,7-9,4.62,4.64,0.02,3.5,1.12,1.14,No call,,
2026-08-02,AM,Kyle Freeland,COL,KCR @ COL,7.68,82,16,5.12,7-9,4.56,4.58,0.02,4.5,0.06,0.08,No call,,
2026-08-02,AM,Jacob Misiorowski,MIL,MIL @ LAA,13.54,111,18,6.17,11+,6.42,7.14,0.72,9.5,-3.08,-2.36,Under,,
2026-08-02,AM,Walbert Ureña,LAA,MIL @ LAA,8.63,81.1,15,5.41,7-9,5.32,5.5,0.18,4.5,0.82,1.0,No call,,
2026-08-02,AM,Keider Montero,DET,DET @ OAK,5.72,94.1,15,6.27,<7,4.55,4.86,0.31,3.5,1.05,1.36,No call,,
2026-08-02,AM,Landen Roupp,SFG,SFG @ SDP,9.65,97,18,5.39,9-11,5.47,5.92,0.45,4.5,0.97,1.42,No call,,
2026-08-02,AM,Michael King,SDP,SFG @ SDP,7.64,108.1,19,5.69,7-9,4.95,5.32,0.37,5.5,-0.55,-0.18,No call,,
2026-08-02,AM,Taj Bradley,MIN,MIN @ SEA,10.54,95.2,17,5.6,9-11,5.77,5.14,-0.63,6.5,-0.73,-1.36,No call,,
2026-08-02,AM,George Kirby,SEA,MIN @ SEA,8.02,110,18,6.11,7-9,5.61,6.02,0.41,5.5,0.11,0.52,No call,,
2026-08-02,AM,Emmet Sheehan,LAD,BOS @ LAD,10.05,77,16,4.81,9-11,5.28,5.49,0.21,5.5,-0.22,-0.01,No call,,
2026-08-02,LATE,Emmet Sheehan,LAD,BOS @ LAD,10.05,77,16,4.81,9-11,5.28,5.49,0.21,5.5,-0.22,-0.01,No call,,
2026-08-03,AM,Aaron Nola,PHI,WSN @ PHI,9.2,92,18,5.11,9-11,5.31,5.49,0.18,5.5,-0.19,-0.01,No call,,
2026-08-03,AM,Michael McGreevy,STL,STL @ NYY,5.84,101.2,18,5.62,<7,4.32,4.61,0.29,4.5,-0.18,0.11,No call,,
2026-08-03,AM,Cam Schlittler,NYY,STL @ NYY,10.53,112,19,5.89,9-11,5.58,6.11,0.53,6.5,-0.92,-0.39,No call,,
2026-08-03,AM,Bubba Chandler,PIT,PIT @ MIL,7.93,89.2,17,5.25,7-9,5.0,5.36,0.36,4.5,0.5,0.86,No call,,
2026-08-03,AM,Brandon Sproat,MIL,PIT @ MIL,9.57,79,15,5.27,9-11,5.53,5.96,0.43,5.5,0.03,0.46,No call,,
2026-08-03,AM,Logan Webb,SFG,SFG @ TEX,7.18,100.1,16,6.26,7-9,5.05,5.22,0.17,4.5,0.55,0.72,No call,,
2026-08-03,AM,Michael Lorenzen,COL,TBR @ COL,7.04,92,19,4.84,7-9,4.1,4.4,0.3,3.5,0.6,0.9,No call,,
2026-08-03,AM,Michael King,SDP,SDP @ ARI,7.64,108.1,19,5.69,7-9,4.72,5.09,0.37,4.5,0.22,0.59,No call,,
2026-08-03,LATE,Michael McGreevy,STL,STL @ NYY,5.84,101.2,18,5.62,<7,4.32,4.61,0.29,4.5,-0.18,0.11,No call,,
2026-08-03,LATE,Cam Schlittler,NYY,STL @ NYY,10.53,112,19,5.89,9-11,5.58,6.11,0.53,7.5,-1.92,-1.39,Under,,
2026-08-03,LATE,Bubba Chandler,PIT,PIT @ MIL,7.93,89.2,17,5.25,7-9,5.0,5.36,0.36,4.5,0.5,0.86,No call,,
2026-08-03,LATE,Brandon Sproat,MIL,PIT @ MIL,9.57,79,15,5.27,9-11,5.53,5.96,0.43,5.5,0.03,0.46,No call,,
2026-08-03,LATE,Justin Wrobleski,LAD,LAD @ CHC,6.55,100.1,15,6.67,<7,5.0,5.38,0.38,5.5,-0.5,-0.12,No call,,
2026-08-03,LATE,Logan Webb,SFG,SFG @ TEX,7.18,100.1,16,6.26,7-9,5.05,5.22,0.17,5.5,-0.45,-0.28,No call,,
2026-08-03,LATE,Michael Lorenzen,COL,TBR @ COL,7.04,92,19,4.84,7-9,4.1,4.4,0.3,3.5,0.6,0.9,No call,,
2026-08-03,LATE,Michael King,SDP,SDP @ ARI,7.64,108.1,19,5.69,7-9,4.72,5.09,0.37,4.5,0.22,0.59,No call,,
2026-08-04,AM,Joey Cantillo,CLE,NYM @ CLE,9,96,19,5.05,9-11,5.12,5.29,0.17,5.5,-0.38,-0.21,No call,,
2026-08-04,AM,J.T. Ginn,OAK,OAK @ CIN,7.84,98.2,17,5.78,7-9,5.12,5.3,0.18,4.5,0.62,0.8,No call,,
2026-08-04,AM,Brady Singer,CIN,OAK @ CIN,7.63,89.2,18,4.96,7-9,4.75,4.79,0.04,4.5,0.25,0.29,No call,,
2026-08-04,AM,Zack Littell,WSN,WSN @ PHI,5.44,86,12,7.17,<7,4.61,4.86,0.25,,,,No call,,
2026-08-04,AM,Jesús Luzardo,PHI,WSN @ PHI,11.09,110.1,19,5.79,11+,5.87,5.28,-0.59,7.5,-1.63,-2.22,No call,,
2026-08-04,AM,Ryan Weathers,NYY,STL @ NYY,10.14,92.1,17,5.42,9-11,5.7,5.45,-0.25,5.5,0.2,-0.05,No call,,
2026-08-04,AM,Davis Martin,CWS,CWS @ BOS,8.25,100.1,18,5.56,7-9,4.99,5.38,0.39,4.5,0.49,0.88,No call,,
2026-08-04,AM,Grant Holmes,ATL,MIA @ ATL,7.83,87.1,17,5.12,7-9,4.77,5.12,0.35,4.5,0.27,0.62,No call,,
2026-08-04,AM,Joe Ryan,MIN,MIN @ KCR,10.52,104.1,19,5.48,9-11,5.6,5.36,-0.24,5.5,0.1,-0.14,No call,,
2026-08-04,AM,Tarik Skubal,LAD,LAD @ CHC,10.7,70.2,12,5.85,9-11,5.72,5.12,-0.6,7.5,-1.78,-2.38,Under,,
2026-08-04,AM,MacKenzie Gore,TEX,SFG @ TEX,9.89,101,19,5.32,9-11,5.49,5.94,0.45,6.5,-1.01,-0.56,No call,,
2026-08-04,AM,Trey Yesavage,TOR,TOR @ HOU,8.35,73.1,13,5.62,7-9,5.26,5.44,0.18,5.5,-0.24,-0.06,No call,,
2026-08-04,AM,Freddy Peralta,TBR,TBR @ COL,8.82,100,19,5.26,7-9,4.85,5.26,0.41,5.5,-0.65,-0.24,No call,,
2026-08-04,AM,Randy Vásquez,SDP,SDP @ ARI,6.43,84,16,5.25,<7,4.19,4.48,0.29,2.5,1.69,1.98,No call,,
2026-08-04,AM,Eduardo Rodriguez,ARI,SDP @ ARI,6.17,108,18,6.0,<7,4.47,4.79,0.32,3.5,0.97,1.29,No call,,
2026-08-04,AM,Emerson Hancock,SEA,DET @ SEA,8.48,97.2,17,5.72,7-9,5.58,6.0,0.42,4.5,1.08,1.5,No call,,
2026-08-04,LATE,Ryan Weathers,NYY,STL @ NYY,10.14,92.1,17,5.42,9-11,5.7,5.45,-0.25,5.5,0.2,-0.05,No call,,
2026-08-04,LATE,Davis Martin,CWS,CWS @ BOS,8.25,100.1,18,5.56,7-9,4.99,5.38,0.39,4.5,0.49,0.88,No call,,
2026-08-04,LATE,Grant Holmes,ATL,MIA @ ATL,7.83,87.1,17,5.12,7-9,4.77,5.12,0.35,4.5,0.27,0.62,No call,,
2026-08-04,LATE,Joe Ryan,MIN,MIN @ KCR,10.52,104.1,19,5.48,9-11,5.6,5.36,-0.24,5.5,0.1,-0.14,No call,,
2026-08-04,LATE,Tarik Skubal,LAD,LAD @ CHC,10.7,70.2,12,5.85,9-11,5.72,5.12,-0.6,7.5,-1.78,-2.38,Under,,
2026-08-04,LATE,MacKenzie Gore,TEX,SFG @ TEX,9.89,101,19,5.32,9-11,5.49,5.94,0.45,6.5,-1.01,-0.56,No call,,
2026-08-04,LATE,Trey Yesavage,TOR,TOR @ HOU,8.35,73.1,13,5.62,7-9,5.26,5.44,0.18,5.5,-0.24,-0.06,No call,,
2026-08-04,LATE,Freddy Peralta,TBR,TBR @ COL,8.82,100,19,5.26,7-9,4.85,5.26,0.41,5.5,-0.65,-0.24,No call,,
2026-08-04,LATE,Randy Vásquez,SDP,SDP @ ARI,6.43,84,16,5.25,<7,4.19,4.48,0.29,2.5,1.69,1.98,No call,,
2026-08-04,LATE,Eduardo Rodriguez,ARI,SDP @ ARI,6.17,108,18,6.0,<7,4.47,4.79,0.32,3.5,0.97,1.29,No call,,
2026-08-04,LATE,Emerson Hancock,SEA,DET @ SEA,8.48,97.2,17,5.72,7-9,5.58,6.0,0.42,4.5,1.08,1.5,No call,,
2026-08-05,AM,Jameson Taillon,TOR,TOR @ HOU,7.85,67.2,13,5.17,7-9,4.71,5.07,0.36,4.5,0.21,0.57,No call,,
2026-08-05,AM,Eric Lauer,LAD,LAD @ CHC,5.52,76.2,12,6.35,<7,4.58,4.56,-0.02,3.5,1.08,1.06,No call,,
2026-08-05,AM,Shota Imanaga,CHC,LAD @ CHC,8.74,103,18,5.72,7-9,5.32,5.76,0.44,4.5,0.82,1.26,No call,,
2026-08-05,AM,Nick Martinez,TBR,TBR @ COL,5.49,100,17,5.88,<7,5.37,4.23,-1.14,3.5,1.87,0.73,No call,,
2026-08-05,AM,Tomoyuki Sugano,COL,TBR @ COL,5.12,84.1,16,5.26,<7,4.96,5.17,0.21,2.5,2.46,2.67,No call,,
2026-08-05,AM,Reid Detmers,LAA,LAA @ BAL,10.19,108.2,19,5.69,9-11,5.87,5.63,-0.24,7.5,-1.63,-1.87,Under,,
2026-08-05,AM,Trevor Rogers,BAL,LAA @ BAL,6.87,90.1,17,5.3,<7,4.52,4.83,0.31,5.5,-0.98,-0.67,No call,,
2026-08-05,AM,Christian Scott,NYM,NYM @ CLE,10.83,54,12,4.5,9-11,5.4,5.61,0.21,5.5,-0.1,0.11,No call,,
2026-08-05,AM,Tanner Bibee,CLE,NYM @ CLE,7.11,106.1,19,5.58,7-9,4.62,4.96,0.34,4.5,0.12,0.46,No call,,
2026-08-05,AM,Jacob Lopez,OAK,OAK @ CIN,7.04,53.2,10,5.32,7-9,4.77,4.77,0.0,5.5,-0.73,-0.73,No call,,
2026-08-05,AM,Rhett Lowder,CIN,OAK @ CIN,7.71,67.2,13,5.17,7-9,4.65,5.0,0.35,4.5,0.15,0.5,No call,,
2026-08-05,AM,Jake Irvin,WSN,WSN @ PHI,10.1,51.2,11,4.65,9-11,5.35,5.53,0.18,3.5,1.85,2.03,No call,,
2026-08-05,AM,Andrew Painter,PHI,WSN @ PHI,7.34,65,12,5.42,7-9,4.67,5.02,0.35,4.5,0.17,0.52,No call,,
2026-08-05,AM,Andre Pallante,STL,STL @ NYY,6.48,100,18,5.56,<7,4.58,4.57,-0.01,4.5,0.08,0.07,No call,,
2026-08-05,AM,Will Warren,NYY,STL @ NYY,9.06,93.1,18,5.17,9-11,5.22,5.41,0.19,4.5,0.72,0.91,No call,,
2026-08-05,AM,Sean Burke,CWS,CWS @ BOS,9.67,98.2,14,7.01,9-11,5.97,5.37,-0.6,6.5,-0.53,-1.13,No call,,
2026-08-05,AM,Sonny Gray,BOS,CWS @ BOS,8.23,89.2,16,5.58,7-9,5.0,5.39,0.39,5.5,-0.5,-0.11,No call,,
2026-08-05,AM,Eury Pérez,MIA,MIA @ ATL,10.05,79.2,15,5.28,9-11,5.7,5.43,-0.27,5.5,0.2,-0.07,No call,,
2026-08-05,AM,Bryce Elder,ATL,MIA @ ATL,7.54,102.2,18,5.68,7-9,5.02,5.39,0.37,4.5,0.52,0.89,No call,,
2026-08-05,AM,Noah Cameron,KCR,MIN @ KCR,8.32,88.2,17,5.19,7-9,4.56,4.93,0.37,5.5,-0.94,-0.57,Under,,
2026-08-05,AM,Paul Skenes,PIT,PIT @ MIL,10.75,103,19,5.42,9-11,5.48,5.98,0.5,6.5,-1.02,-0.52,No call,,
2026-08-05,AM,Kyle Harrison,MIL,PIT @ MIL,10.86,83.2,17,4.89,9-11,5.8,5.52,-0.28,6.5,-0.7,-0.98,No call,,
2026-08-05,AM,Casey Mize,SDP,SDP @ ARI,9.04,71.2,13,5.48,9-11,5.27,5.48,0.21,4.5,0.77,0.98,No call,,
2026-08-05,AM,Bryan Woo,SEA,DET @ SEA,8.8,104.1,18,5.78,7-9,5.78,5.49,-0.29,6.5,-0.72,-1.01,No call,,
2026-08-05,LATE,Andre Pallante,STL,STL @ NYY,6.48,100,18,5.56,<7,4.58,4.57,-0.01,4.5,0.08,0.07,No call,,
2026-08-05,LATE,Will Warren,NYY,STL @ NYY,9.06,93.1,18,5.17,9-11,5.22,5.41,0.19,4.5,0.72,0.91,No call,,
2026-08-05,LATE,Sean Burke,CWS,CWS @ BOS,9.67,98.2,14,7.01,9-11,5.97,5.37,-0.6,6.5,-0.53,-1.13,No call,,
2026-08-05,LATE,Sonny Gray,BOS,CWS @ BOS,8.23,89.2,16,5.58,7-9,5.0,5.39,0.39,5.5,-0.5,-0.11,No call,,
2026-08-05,LATE,Eury Pérez,MIA,MIA @ ATL,10.05,79.2,15,5.28,9-11,5.7,5.43,-0.27,5.5,0.2,-0.07,No call,,
2026-08-05,LATE,Bryce Elder,ATL,MIA @ ATL,7.54,102.2,18,5.68,7-9,5.02,5.39,0.37,4.5,0.52,0.89,No call,,
2026-08-05,LATE,Noah Cameron,KCR,MIN @ KCR,8.32,88.2,17,5.19,7-9,4.56,4.93,0.37,4.5,0.06,0.43,No call,,
2026-08-05,LATE,Paul Skenes,PIT,PIT @ MIL,10.75,103,19,5.42,9-11,5.48,5.98,0.5,7.5,-2.02,-1.52,Under,,
2026-08-05,LATE,Kyle Harrison,MIL,PIT @ MIL,10.86,83.2,17,4.89,9-11,5.8,5.52,-0.28,6.5,-0.7,-0.98,No call,,
2026-08-05,LATE,Casey Mize,SDP,SDP @ ARI,9.04,71.2,13,5.48,9-11,5.27,5.48,0.21,4.5,0.77,0.98,No call,,
2026-08-05,LATE,Bryan Woo,SEA,DET @ SEA,8.8,104.1,18,5.78,7-9,5.78,5.49,-0.29,6.5,-0.72,-1.01,No call,,
2026-08-06,LATE,Luis Castillo,CWS,CWS @ BOS,8.38,82.2,14,5.87,7-9,5.29,5.5,0.21,,,,No call,,
2026-08-06,LATE,Ranger Suarez,BOS,CWS @ BOS,9.56,91.1,17,5.36,9-11,5.24,5.68,0.44,,,,No call,,
2026-08-06,LATE,Janson Junk,MIA,MIA @ ATL,6.65,65,12,5.42,<7,4.73,4.72,-0.01,,,,No call,,
2026-08-06,LATE,Martín Pérez,ATL,MIA @ ATL,6.86,81.1,14,5.79,<7,4.74,5.09,0.35,,,,No call,,
2026-08-06,LATE,Bailey Ober,MIN,MIN @ KCR,6.4,71.2,13,5.48,<7,4.18,4.48,0.3,,,,No call,,
2026-08-06,LATE,Michael Wacha,KCR,MIN @ KCR,7.24,119.1,19,6.27,7-9,4.74,5.13,0.39,1.5,3.24,3.63,No call,,
2026-08-06,LATE,Walker Buehler,SDP,SDP @ ARI,8.28,87,18,4.83,7-9,4.73,4.75,0.02,3.5,1.23,1.25,No call,,
2026-08-07,AM,José Soriano,TOR,TOR @ PHI,9.76,106,19,5.58,9-11,5.95,5.47,-0.48,4.5,1.45,0.97,No call,,
2026-08-07,AM,Zack Wheeler,PHI,TOR @ PHI,10.14,87,14,6.21,9-11,5.75,5.15,-0.6,6.5,-0.75,-1.35,Under,,
2026-08-07,AM,Cade Cavalli,WSN,CIN @ WSN,10.2,92.2,19,4.85,9-11,5.14,5.36,0.22,5.5,-0.36,-0.14,No call,,
2026-08-07,AM,Tyler Mahle,ATL,ATL @ NYY,8.75,71,14,5.07,7-9,4.99,5.37,0.38,5.5,-0.51,-0.13,No call,,
2026-08-07,AM,Max Fried,NYY,ATL @ NYY,7.3,61.2,10,6.12,7-9,5.05,5.22,0.17,5.5,-0.45,-0.28,No call,,
2026-08-07,AM,Payton Tolle,BOS,OAK @ BOS,8.96,80.1,14,5.72,7-9,5.25,5.68,0.43,6.5,-1.25,-0.82,No call,,
2026-08-07,AM,Parker Messick,CLE,CLE @ CWS,9.25,106,18,5.89,9-11,5.63,5.37,-0.26,5.5,0.13,-0.13,No call,,
2026-08-07,AM,Noah Schultz,CWS,CLE @ CWS,8.06,48,10,4.8,7-9,4.79,4.8,0.01,3.5,1.29,1.3,No call,,
2026-08-07,AM,Zebby Matthews,MIN,MIN @ MIL,7.52,61,10,6.1,7-9,5.35,5.53,0.18,4.5,0.85,1.03,No call,,
2026-08-07,AM,Ryan Feltner,COL,COL @ STL,6.68,63.1,13,4.85,<7,5.42,4.28,-1.14,3.5,1.92,0.78,No call,,
2026-08-07,AM,Kyle Leahy,STL,COL @ STL,7.61,86.1,17,5.06,7-9,4.53,4.86,0.33,4.5,0.03,0.36,No call,,
2026-08-07,AM,Shane Baz,BAL,BAL @ TEX,7.57,107,18,5.94,7-9,5.05,5.22,0.17,5.5,-0.45,-0.28,No call,,
2026-08-07,AM,Nathan Eovaldi,TEX,BAL @ TEX,9.7,111.1,18,6.17,9-11,5.4,5.92,0.52,7.5,-2.1,-1.58,Under,,
2026-08-07,AM,Roki Sasaki,LAD,LAD @ ARI,8.89,81,16,5.06,7-9,4.84,5.23,0.39,5.5,-0.66,-0.27,No call,,
2026-08-07,AM,Merrill Kelly,ARI,LAD @ ARI,5.67,93.2,16,5.83,<7,4.14,4.43,0.29,3.5,0.64,0.93,No call,,
2026-08-07,AM,Robbie Ray,SDP,HOU @ SDP,7.61,101.2,17,5.95,7-9,5.12,5.3,0.18,4.5,0.62,0.8,No call,,
2026-08-07,AM,Drew Rasmussen,TBR,TBR @ SEA,8.88,99.1,18,5.51,7-9,5.61,6.02,0.41,5.5,0.11,0.52,No call,,
2026-08-07,AM,Logan Gilbert,SEA,TBR @ SEA,9.56,107.1,18,5.95,9-11,5.57,6.06,0.49,6.5,-0.93,-0.44,Under,,
2026-08-07,AM,Keider Montero,DET,DET @ SFG,5.72,94.1,15,6.27,<7,4.47,4.78,0.31,3.5,0.97,1.28,No call,,
2026-08-07,LATE,Tyler Mahle,ATL,ATL @ NYY,8.75,71,14,5.07,7-9,4.99,5.37,0.38,5.5,-0.51,-0.13,No call,,
2026-08-07,LATE,Max Fried,NYY,ATL @ NYY,7.3,61.2,10,6.12,7-9,5.05,5.22,0.17,5.5,-0.45,-0.28,No call,,
2026-08-07,LATE,Payton Tolle,BOS,OAK @ BOS,8.96,80.1,14,5.72,7-9,5.25,5.68,0.43,6.5,-1.25,-0.82,No call,,
2026-08-07,LATE,Parker Messick,CLE,CLE @ CWS,9.25,106,18,5.89,9-11,5.63,5.37,-0.26,5.5,0.13,-0.13,No call,,
2026-08-07,LATE,Noah Schultz,CWS,CLE @ CWS,8.06,48,10,4.8,7-9,4.79,4.8,0.01,3.5,1.29,1.3,No call,,
2026-08-07,LATE,Zebby Matthews,MIN,MIN @ MIL,7.52,61,10,6.1,7-9,5.35,5.53,0.18,4.5,0.85,1.03,No call,,
2026-08-07,LATE,Kevin Gausman,CHC,CHC @ KCR,9.14,106.1,19,5.58,9-11,5.24,5.46,0.22,5.5,-0.26,-0.04,No call,,
2026-08-07,LATE,Ryan Feltner,COL,COL @ STL,6.68,63.1,13,4.85,<7,5.42,4.28,-1.14,3.5,1.92,0.78,No call,,
2026-08-07,LATE,Kyle Leahy,STL,COL @ STL,7.61,86.1,17,5.06,7-9,4.53,4.86,0.33,4.5,0.03,0.36,No call,,
2026-08-07,LATE,Shane Baz,BAL,BAL @ TEX,7.57,107,18,5.94,7-9,5.05,5.22,0.17,5.5,-0.45,-0.28,No call,,
2026-08-07,LATE,Nathan Eovaldi,TEX,BAL @ TEX,9.7,111.1,18,6.17,9-11,5.4,5.92,0.52,7.5,-2.1,-1.58,Under,,
2026-08-07,LATE,Roki Sasaki,LAD,LAD @ ARI,8.89,81,16,5.06,7-9,4.84,5.23,0.39,4.5,0.34,0.73,No call,,
2026-08-07,LATE,Merrill Kelly,ARI,LAD @ ARI,5.67,93.2,16,5.83,<7,4.14,4.43,0.29,3.5,0.64,0.93,No call,,
2026-08-07,LATE,Robbie Ray,SDP,HOU @ SDP,7.61,101.2,17,5.95,7-9,5.12,5.3,0.18,4.5,0.62,0.8,No call,,
2026-08-07,LATE,Drew Rasmussen,TBR,TBR @ SEA,8.88,99.1,18,5.51,7-9,5.61,6.02,0.41,5.5,0.11,0.52,No call,,
2026-08-07,LATE,Logan Gilbert,SEA,TBR @ SEA,9.56,107.1,18,5.95,9-11,5.57,6.06,0.49,6.5,-0.93,-0.44,Under,,
2026-08-07,LATE,Keider Montero,DET,DET @ SFG,5.72,94.1,15,6.27,<7,4.47,4.78,0.31,3.5,0.97,1.28,No call,,
2026-08-08,AM,Chris Sale,ATL,ATL @ NYY,10.61,95,16,5.94,9-11,5.66,5.06,-0.6,8.5,-2.84,-3.44,Under,,
2026-08-08,AM,Walbert Ureña,LAA,LAA @ MIA,8.63,81.1,15,5.41,7-9,5.09,5.27,0.18,5.5,-0.41,-0.23,No call,,
2026-08-08,AM,Sandy Alcantara,MIA,LAA @ MIA,6.7,123.2,19,6.48,<7,4.81,5.18,0.37,5.5,-0.69,-0.32,No call,,
2026-08-08,AM,Aaron Nola,PHI,TOR @ PHI,9.2,92,18,5.11,9-11,5.31,5.49,0.18,4.5,0.81,0.99,No call,,
2026-08-08,AM,Bubba Chandler,PIT,NYM @ PIT,7.93,89.2,17,5.25,7-9,4.63,4.99,0.36,4.5,0.13,0.49,No call,,
2026-08-08,AM,Chase Burns,CIN,CIN @ WSN,10.34,102.2,18,5.68,9-11,5.73,5.51,-0.22,5.5,0.23,0.01,No call,,
2026-08-08,AM,Seth Lugo,KCR,CHC @ KCR,7.15,100.2,18,5.57,7-9,4.59,4.61,0.02,3.5,1.09,1.11,No call,,
2026-08-08,AM,Taj Bradley,MIN,MIN @ MIL,10.54,95.2,17,5.6,9-11,5.57,6.08,0.51,6.5,-0.93,-0.42,Under,,
2026-08-08,AM,Peter Lambert,HOU,HOU @ SDP,8.32,80,14,5.71,7-9,5.3,5.49,0.19,5.5,-0.2,-0.01,No call,,
2026-08-08,AM,Michael King,SDP,HOU @ SDP,7.64,108.1,19,5.69,7-9,4.95,5.32,0.37,5.5,-0.55,-0.18,No call,,
2026-08-08,AM,Landen Roupp,SFG,DET @ SFG,9.65,97,18,5.39,9-11,5.32,5.77,0.45,4.5,0.82,1.27,No call,,
2026-08-08,AM,Kyle Freeland,COL,COL @ STL,7.68,82,16,5.12,7-9,4.59,4.61,0.02,3.5,1.09,1.11,No call,,
2026-08-08,AM,Matthew Liberatore,STL,COL @ STL,8.42,87.2,18,4.84,7-9,4.73,4.77,0.04,5.5,-0.77,-0.73,Under,,
2026-08-08,AM,Kyle Bradish,BAL,BAL @ TEX,9.03,100.2,18,5.57,9-11,5.31,5.74,0.43,5.5,-0.19,0.24,No call,,
2026-08-08,AM,Jacob deGrom,TEX,BAL @ TEX,10.91,100.2,18,5.57,9-11,5.49,6.01,0.52,7.5,-2.01,-1.49,Under,,
2026-08-08,AM,Gavin Williams,CLE,CLE @ CWS,10.64,113.1,19,5.95,9-11,5.67,5.08,-0.59,7.5,-1.83,-2.42,No call,,
2026-08-08,AM,Anthony Kay,CWS,CLE @ CWS,7.15,89.1,17,5.24,7-9,4.69,4.7,0.01,3.5,1.19,1.2,No call,,
2026-08-08,AM,Yoshinobu Yamamoto,LAD,LAD @ ARI,8.6,104.2,16,6.51,7-9,5.61,5.36,-0.25,5.5,0.11,-0.14,No call,,
2026-08-08,AM,Griffin Jax,TBR,TBR @ SEA,9.42,65,13,5.0,9-11,5.44,5.84,0.4,5.5,-0.06,0.34,No call,,
2026-08-08,AM,George Kirby,SEA,TBR @ SEA,8.02,110,18,6.11,7-9,5.61,6.02,0.41,4.5,1.11,1.52,No call,,
2026-08-08,LATE,Seth Lugo,KCR,CHC @ KCR,7.15,100.2,18,5.57,7-9,4.59,4.61,0.02,3.5,1.09,1.11,No call,,
2026-08-08,LATE,Taj Bradley,MIN,MIN @ MIL,10.54,95.2,17,5.6,9-11,5.57,6.08,0.51,5.5,0.07,0.58,No call,,
2026-08-08,LATE,Peter Lambert,HOU,HOU @ SDP,8.32,80,14,5.71,7-9,5.3,5.49,0.19,5.5,-0.2,-0.01,No call,,
2026-08-08,LATE,Michael King,SDP,HOU @ SDP,7.64,108.1,19,5.69,7-9,4.95,5.32,0.37,4.5,0.45,0.82,No call,,
2026-08-08,LATE,Landen Roupp,SFG,DET @ SFG,9.65,97,18,5.39,9-11,5.32,5.77,0.45,4.5,0.82,1.27,No call,,
2026-08-08,LATE,Kyle Freeland,COL,COL @ STL,7.68,82,16,5.12,7-9,4.59,4.61,0.02,3.5,1.09,1.11,No call,,
2026-08-08,LATE,Matthew Liberatore,STL,COL @ STL,8.42,87.2,18,4.84,7-9,4.73,4.77,0.04,5.5,-0.77,-0.73,Under,,
2026-08-08,LATE,Kyle Bradish,BAL,BAL @ TEX,9.03,100.2,18,5.57,9-11,5.31,5.74,0.43,5.5,-0.19,0.24,No call,,
2026-08-08,LATE,Jacob deGrom,TEX,BAL @ TEX,10.91,100.2,18,5.57,9-11,5.49,6.01,0.52,7.5,-2.01,-1.49,Under,,
2026-08-08,LATE,Gavin Williams,CLE,CLE @ CWS,10.64,113.1,19,5.95,9-11,5.67,5.08,-0.59,8.5,-2.83,-3.42,Under,,
2026-08-08,LATE,Anthony Kay,CWS,CLE @ CWS,7.15,89.1,17,5.24,7-9,4.69,4.7,0.01,4.5,0.19,0.2,No call,,
2026-08-08,LATE,Yoshinobu Yamamoto,LAD,LAD @ ARI,8.6,104.2,16,6.51,7-9,5.61,5.36,-0.25,5.5,0.11,-0.14,No call,,
2026-08-08,LATE,Griffin Jax,TBR,TBR @ SEA,9.42,65,13,5.0,9-11,5.44,5.84,0.4,5.5,-0.06,0.34,No call,,
2026-08-08,LATE,George Kirby,SEA,TBR @ SEA,8.02,110,18,6.11,7-9,5.61,6.02,0.41,4.5,1.11,1.52,No call,,
2026-08-09,AM,Brady Singer,CIN,CIN @ WSN,7.63,89.2,18,4.96,7-9,4.41,4.77,0.36,4.5,-0.09,0.27,No call,,
2026-08-09,AM,J.T. Ginn,OAK,OAK @ BOS,7.84,98.2,17,5.78,7-9,4.95,5.34,0.39,4.5,0.45,0.84,No call,,
2026-08-09,AM,Jesús Luzardo,PHI,TOR @ PHI,11.09,110.1,19,5.79,11+,5.87,5.28,-0.59,6.5,-0.63,-1.22,No call,,
2026-08-09,AM,Grant Holmes,ATL,ATL @ NYY,7.83,87.1,17,5.12,7-9,4.63,4.98,0.35,4.5,0.13,0.48,No call,,
2026-08-09,AM,Cam Schlittler,NYY,ATL @ NYY,10.53,112,19,5.89,9-11,5.58,6.11,0.53,7.5,-1.92,-1.39,Under,,
2026-08-09,AM,Joey Cantillo,CLE,CLE @ CWS,9,96,19,5.05,9-11,5.06,5.23,0.17,5.5,-0.44,-0.27,No call,,
2026-08-09,AM,Davis Martin,CWS,CLE @ CWS,8.25,100.1,18,5.56,7-9,5.1,5.28,0.18,3.5,1.6,1.78,No call,,
2026-08-09,AM,Connor Prielipp,MIN,MIN @ MIL,9.59,66.2,13,5.09,9-11,5.42,5.84,0.42,5.5,-0.08,0.34,No call,,
2026-08-09,AM,Jacob Misiorowski,MIL,MIN @ MIL,13.54,111,18,6.17,11+,6.53,7.25,0.72,8.5,-1.97,-1.25,No call,,
2026-08-09,AM,Michael Lorenzen,COL,COL @ STL,7.04,92,19,4.84,7-9,4.13,4.43,0.3,3.5,0.63,0.93,No call,,
2026-08-09,AM,Michael McGreevy,STL,COL @ STL,5.84,101.2,18,5.62,<7,4.04,4.32,0.28,3.5,0.54,0.82,No call,,
2026-08-09,AM,Kumar Rocker,TEX,BAL @ TEX,7.9,84.1,15,5.61,7-9,4.99,5.37,0.38,5.5,-0.51,-0.13,No call,,
2026-08-09,AM,Logan Webb,SFG,DET @ SFG,7.18,100.1,16,6.26,7-9,4.93,5.32,0.39,5.5,-0.57,-0.18,No call,,
2026-08-09,AM,Justin Wrobleski,LAD,LAD @ ARI,6.55,100.1,15,6.67,<7,4.74,5.12,0.38,3.5,1.24,1.62,No call,,
2026-08-09,AM,Eduardo Rodriguez,ARI,LAD @ ARI,6.17,108,18,6.0,<7,4.47,4.79,0.32,3.5,0.97,1.29,No call,,
2026-08-09,AM,Emerson Hancock,SEA,TBR @ SEA,8.48,97.2,17,5.72,7-9,5.58,6.0,0.42,4.5,1.08,1.5,No call,,
2026-08-09,LATE,Randy Vásquez,SDP,HOU @ SDP,6.43,84,16,5.25,<7,4.42,4.71,0.29,2.5,1.92,2.21,No call,,
2026-08-10,AM,Sonny Gray,BOS,BOS @ TOR,8.23,89.2,16,5.58,7-9,5.03,5.2,0.17,4.5,0.53,0.7,No call,,
2026-08-10,AM,Jameson Taillon,TOR,BOS @ TOR,7.85,67.2,13,5.17,7-9,4.57,4.92,0.35,4.5,0.07,0.42,No call,,
2026-08-10,AM,Christian Scott,NYM,NYM @ ATL,10.83,54,12,4.5,9-11,5.3,5.72,0.42,5.5,-0.2,0.22,No call,,
2026-08-10,AM,Bryce Elder,ATL,NYM @ ATL,7.54,102.2,18,5.68,7-9,5.02,5.39,0.37,4.5,0.52,0.89,No call,,
2026-08-10,AM,Trevor Rogers,BAL,BAL @ MIN,6.87,90.1,17,5.3,<7,4.69,4.68,-0.01,4.5,0.19,0.18,No call,,
2026-08-10,AM,Andrew Painter,PHI,PHI @ STL,7.34,65,12,5.42,7-9,4.62,4.65,0.03,3.5,1.12,1.15,No call,,
2026-08-10,AM,MacKenzie Gore,TEX,TEX @ LAA,9.89,101,19,5.32,9-11,5.6,5.32,-0.28,6.5,-0.9,-1.18,Under,,
2026-08-10,AM,Reid Detmers,LAA,TEX @ LAA,10.19,108.2,19,5.69,9-11,5.36,5.86,0.5,6.5,-1.14,-0.64,No call,,
2026-08-10,AM,Michael Soroka,ARI,COL @ ARI,8.67,82,15,5.47,7-9,5.05,5.25,0.2,4.5,0.55,0.75,No call,,
2026-08-10,AM,Freddy Peralta,TBR,TBR @ OAK,8.82,100,19,5.26,7-9,5.14,5.33,0.19,4.5,0.64,0.83,No call,,
2026-08-10,AM,Jacob Lopez,OAK,TBR @ OAK,7.04,53.2,10,5.32,7-9,4.71,4.72,0.01,4.5,0.21,0.22,No call,,
2026-08-10,AM,Casey Mize,SDP,MIL @ SDP,9.04,71.2,13,5.48,9-11,5.28,5.71,0.43,4.5,0.78,1.21,No call,,
2026-08-10,AM,Noah Cameron,KCR,KCR @ LAD,8.32,88.2,17,5.19,7-9,4.85,5.22,0.37,4.5,0.35,0.72,No call,,
2026-08-10,AM,Tarik Skubal,LAD,KCR @ LAD,10.7,70.2,12,5.85,9-11,5.6,6.15,0.55,7.5,-1.9,-1.35,No call,,
2026-08-10,LATE,Sonny Gray,BOS,BOS @ TOR,8.23,89.2,16,5.58,7-9,5.03,5.2,0.17,4.5,0.53,0.7,No call,,
2026-08-10,LATE,Jameson Taillon,TOR,BOS @ TOR,7.85,67.2,13,5.17,7-9,4.57,4.92,0.35,4.5,0.07,0.42,No call,,
2026-08-10,LATE,Christian Scott,NYM,NYM @ ATL,10.83,54,12,4.5,9-11,5.3,5.72,0.42,5.5,-0.2,0.22,No call,,
2026-08-10,LATE,Bryce Elder,ATL,NYM @ ATL,7.54,102.2,18,5.68,7-9,5.02,5.39,0.37,4.5,0.52,0.89,No call,,
2026-08-10,LATE,Trevor Rogers,BAL,BAL @ MIN,6.87,90.1,17,5.3,<7,4.69,4.68,-0.01,4.5,0.19,0.18,No call,,
2026-08-10,LATE,Andrew Painter,PHI,PHI @ STL,7.34,65,12,5.42,7-9,4.62,4.65,0.03,3.5,1.12,1.15,No call,,
2026-08-10,LATE,MacKenzie Gore,TEX,TEX @ LAA,9.89,101,19,5.32,9-11,5.6,5.32,-0.28,6.5,-0.9,-1.18,No call,,
2026-08-10,LATE,Reid Detmers,LAA,TEX @ LAA,10.19,108.2,19,5.69,9-11,5.36,5.86,0.5,6.5,-1.14,-0.64,No call,,
2026-08-10,LATE,Michael Soroka,ARI,COL @ ARI,8.67,82,15,5.47,7-9,5.05,5.25,0.2,4.5,0.55,0.75,No call,,
2026-08-10,LATE,Freddy Peralta,TBR,TBR @ OAK,8.82,100,19,5.26,7-9,5.14,5.33,0.19,4.5,0.64,0.83,No call,,
2026-08-10,LATE,Jacob Lopez,OAK,TBR @ OAK,7.04,53.2,10,5.32,7-9,4.71,4.72,0.01,4.5,0.21,0.22,No call,,
2026-08-10,LATE,Casey Mize,SDP,MIL @ SDP,9.04,71.2,13,5.48,9-11,5.28,5.71,0.43,4.5,0.78,1.21,No call,,
2026-08-10,LATE,Noah Cameron,KCR,KCR @ LAD,8.32,88.2,17,5.19,7-9,4.85,5.22,0.37,4.5,0.35,0.72,No call,,
2026-08-10,LATE,Tarik Skubal,LAD,KCR @ LAD,10.7,70.2,12,5.85,9-11,5.6,6.15,0.55,7.5,-1.9,-1.35,No call,,
2026-08-11,AM,Tanner Bibee,CLE,CLE @ DET,7.11,106.1,19,5.58,7-9,4.83,4.85,0.02,4.5,0.33,0.35,No call,,
2026-08-11,AM,Paul Skenes,PIT,PIT @ MIA,10.75,103,19,5.42,9-11,5.87,5.63,-0.24,6.5,-0.63,-0.87,No call,,
2026-08-11,AM,Eury Pérez,MIA,PIT @ MIA,10.05,79.2,15,5.28,9-11,5.44,5.9,0.46,6.5,-1.06,-0.6,No call,,
2026-08-11,AM,Shota Imanaga,CHC,CHC @ WSN,8.74,103,18,5.72,7-9,5.17,5.38,0.21,5.5,-0.33,-0.12,No call,,
2026-08-11,AM,Bryan Woo,SEA,SEA @ NYY,8.8,104.1,18,5.78,7-9,5.35,5.79,0.44,6.5,-1.15,-0.71,Under,,
2026-08-11,AM,Ryan Weathers,NYY,SEA @ NYY,10.14,92.1,17,5.42,9-11,5.7,5.45,-0.25,6.5,-0.8,-1.05,Under,,
2026-08-11,AM,Dylan Cease,TOR,BOS @ TOR,13.55,98.1,17,5.77,11+,5.74,6.42,0.68,7.5,-1.76,-1.08,No call,,
2026-08-11,AM,Nolan McLean,NYM,NYM @ ATL,10.48,101.1,18,5.62,9-11,5.46,5.97,0.51,5.5,-0.04,0.47,No call,,
2026-08-11,AM,Martín Pérez,ATL,NYM @ ATL,6.86,81.1,14,5.79,<7,4.74,5.09,0.35,3.5,1.24,1.59,No call,,
2026-08-11,AM,Brandon Young,BAL,BAL @ MIN,7.22,77.1,14,5.51,7-9,4.66,5.0,0.34,4.5,0.16,0.5,No call,,
2026-08-11,AM,Bailey Ober,MIN,BAL @ MIN,6.4,71.2,13,5.48,<7,4.58,4.56,-0.02,4.5,0.08,0.06,No call,,
2026-08-11,AM,Nick Lodolo,CIN,CIN @ CWS,7.18,57.2,11,5.2,7-9,4.7,4.7,0.0,4.5,0.2,0.2,No call,,
2026-08-11,AM,Sean Burke,CWS,CIN @ CWS,9.67,98.2,14,7.01,9-11,6.08,5.48,-0.6,7.5,-1.42,-2.02,Under,,
2026-08-11,AM,Cristopher Sánchez,PHI,PHI @ STL,10.25,120.1,19,6.32,9-11,5.54,6.1,0.56,5.5,0.04,0.6,No call,,
2026-08-11,AM,Andre Pallante,STL,PHI @ STL,6.48,100,18,5.56,<7,4.3,4.61,0.31,3.5,0.8,1.11,No call,,
2026-08-11,AM,Tomoyuki Sugano,COL,COL @ ARI,5.12,84.1,16,5.26,<7,5.06,5.27,0.21,2.5,2.56,2.77,No call,,
2026-08-11,AM,Nick Martinez,TBR,TBR @ OAK,5.49,100,17,5.88,<7,4.23,4.51,0.28,3.5,0.73,1.01,No call,,
2026-08-11,AM,Kyle Harrison,MIL,MIL @ SDP,10.86,83.2,17,4.89,9-11,5.59,5.32,-0.27,5.5,0.09,-0.18,No call,,
2026-08-11,AM,Walker Buehler,SDP,MIL @ SDP,8.28,87,18,4.83,7-9,4.64,4.98,0.34,4.5,0.14,0.48,No call,,
2026-08-11,AM,Michael Wacha,KCR,KCR @ LAD,7.24,119.1,19,6.27,7-9,5.03,5.2,0.17,4.5,0.53,0.7,No call,,
2026-08-11,LATE,Bryan Woo,SEA,SEA @ NYY,8.8,104.1,18,5.78,7-9,5.35,5.79,0.44,6.5,-1.15,-0.71,Under,,
2026-08-11,LATE,Ryan Weathers,NYY,SEA @ NYY,10.14,92.1,17,5.42,9-11,5.7,5.45,-0.25,6.5,-0.8,-1.05,Under,,
2026-08-11,LATE,Dylan Cease,TOR,BOS @ TOR,13.55,98.1,17,5.77,11+,5.74,6.42,0.68,7.5,-1.76,-1.08,No call,,
2026-08-11,LATE,Nolan McLean,NYM,NYM @ ATL,10.48,101.1,18,5.62,9-11,5.46,5.97,0.51,5.5,-0.04,0.47,No call,,
2026-08-11,LATE,Martín Pérez,ATL,NYM @ ATL,6.86,81.1,14,5.79,<7,4.74,5.09,0.35,3.5,1.24,1.59,No call,,
2026-08-11,LATE,Brandon Young,BAL,BAL @ MIN,7.22,77.1,14,5.51,7-9,4.66,5.0,0.34,4.5,0.16,0.5,No call,,
2026-08-11,LATE,Bailey Ober,MIN,BAL @ MIN,6.4,71.2,13,5.48,<7,4.58,4.56,-0.02,4.5,0.08,0.06,No call,,
2026-08-11,LATE,Nick Lodolo,CIN,CIN @ CWS,7.18,57.2,11,5.2,7-9,4.7,4.7,0.0,4.5,0.2,0.2,No call,,
2026-08-11,LATE,Sean Burke,CWS,CIN @ CWS,9.67,98.2,14,7.01,9-11,6.08,5.48,-0.6,7.5,-1.42,-2.02,Under,,
2026-08-11,LATE,Cristopher Sánchez,PHI,PHI @ STL,10.25,120.1,19,6.32,9-11,5.54,6.1,0.56,6.5,-0.96,-0.4,Under,,
2026-08-11,LATE,Andre Pallante,STL,PHI @ STL,6.48,100,18,5.56,<7,4.3,4.61,0.31,3.5,0.8,1.11,No call,,
2026-08-11,LATE,Tomoyuki Sugano,COL,COL @ ARI,5.12,84.1,16,5.26,<7,5.06,5.27,0.21,2.5,2.56,2.77,No call,,
2026-08-11,LATE,Nick Martinez,TBR,TBR @ OAK,5.49,100,17,5.88,<7,4.23,4.51,0.28,3.5,0.73,1.01,No call,,
2026-08-11,LATE,Kyle Harrison,MIL,MIL @ SDP,10.86,83.2,17,4.89,9-11,5.59,5.32,-0.27,5.5,0.09,-0.18,No call,,
2026-08-11,LATE,Walker Buehler,SDP,MIL @ SDP,8.28,87,18,4.83,7-9,4.64,4.98,0.34,4.5,0.14,0.48,No call,,
2026-08-11,LATE,Michael Wacha,KCR,KCR @ LAD,7.24,119.1,19,6.27,7-9,5.03,5.2,0.17,4.5,0.53,0.7,No call,,
2026-08-12,AM,Shane Baz,BAL,BAL @ MIN,7.57,107,18,5.94,7-9,5.1,5.27,0.17,4.5,0.6,0.77,No call,,
2026-08-12,AM,Zebby Matthews,MIN,BAL @ MIN,7.52,61,10,6.1,7-9,5.18,5.36,0.18,5.5,-0.32,-0.14,No call,,
2026-08-12,AM,Zack Wheeler,PHI,PHI @ STL,10.14,87,14,6.21,9-11,5.37,5.92,0.55,5.5,-0.13,0.42,No call,,
2026-08-12,AM,Kyle Leahy,STL,PHI @ STL,7.61,86.1,17,5.06,7-9,4.53,4.86,0.33,4.5,0.03,0.36,No call,,
2026-08-12,AM,Drew Rasmussen,TBR,TBR @ OAK,8.88,99.1,18,5.51,7-9,5.37,5.57,0.2,5.5,-0.13,0.07,No call,,
2026-08-12,AM,Ryan Feltner,COL,COL @ ARI,6.68,63.1,13,4.85,<7,4.08,4.37,0.29,3.5,0.58,0.87,No call,,
2026-08-12,AM,Merrill Kelly,ARI,COL @ ARI,5.67,93.2,16,5.83,<7,4.14,4.43,0.29,4.5,-0.36,-0.07,No call,,
2026-08-12,AM,Adrian Houser,SFG,HOU @ SFG,6.19,80,14,5.71,<7,4.41,4.72,0.31,3.5,0.91,1.22,No call,,
2026-08-12,AM,Dustin May,MIL,MIL @ SDP,8.6,89,17,5.24,7-9,5.07,5.25,0.18,4.5,0.57,0.75,No call,,
2026-08-12,AM,Robbie Ray,SDP,MIL @ SDP,7.61,101.2,17,5.95,7-9,5.12,5.3,0.18,5.5,-0.38,-0.2,No call,,
2026-08-12,AM,Foster Griffin,CLE,CLE @ DET,8.89,110.1,19,5.79,7-9,5.32,5.77,0.45,4.5,0.82,1.27,No call,,
2026-08-12,AM,Framber Valdez,DET,CLE @ DET,7.27,107.2,19,5.64,7-9,4.63,4.99,0.36,4.5,0.13,0.49,No call,,
2026-08-12,AM,Janson Junk,MIA,PIT @ MIA,6.65,65,12,5.42,<7,4.47,4.78,0.31,4.5,-0.03,0.28,No call,,
2026-08-12,AM,David Peterson,CHC,CHC @ WSN,7.65,82.1,11,7.46,7-9,5.53,5.72,0.19,4.5,1.03,1.22,No call,,
2026-08-12,AM,Will Warren,NYY,SEA @ NYY,9.06,93.1,18,5.17,9-11,5.22,5.41,0.19,4.5,0.72,0.91,No call,,
2026-08-12,AM,Ranger Suarez,BOS,BOS @ TOR,9.56,91.1,17,5.36,9-11,5.27,5.71,0.44,4.5,0.77,1.21,No call,,
2026-08-12,AM,José Soriano,TOR,BOS @ TOR,9.76,106,19,5.58,9-11,5.75,6.0,0.25,5.5,0.25,0.5,No call,,
2026-08-12,AM,Tyler Mahle,ATL,NYM @ ATL,8.75,71,14,5.07,7-9,5.13,5.3,0.17,5.5,-0.37,-0.2,No call,,
2026-08-12,AM,Rhett Lowder,CIN,CIN @ CWS,7.71,67.2,13,5.17,7-9,4.6,4.94,0.34,4.5,0.1,0.44,No call,,
2026-08-12,AM,Luis Castillo,CWS,CIN @ CWS,8.38,82.2,14,5.87,7-9,5.19,5.62,0.43,5.5,-0.31,0.12,No call,,
2026-08-12,AM,Eric Lauer,LAD,KCR @ LAD,5.52,76.2,12,6.35,<7,4.46,4.77,0.31,4.5,-0.04,0.27,No call,,
2026-08-12,LATE,Will Warren,NYY,SEA @ NYY,9.06,93.1,18,5.17,9-11,5.22,5.41,0.19,4.5,0.72,0.91,No call,,
2026-08-12,LATE,Ranger Suarez,BOS,BOS @ TOR,9.56,91.1,17,5.36,9-11,5.27,5.71,0.44,4.5,0.77,1.21,No call,,
2026-08-12,LATE,José Soriano,TOR,BOS @ TOR,9.76,106,19,5.58,9-11,5.75,6.0,0.25,5.5,0.25,0.5,No call,,
2026-08-12,LATE,Tyler Mahle,ATL,NYM @ ATL,8.75,71,14,5.07,7-9,5.13,5.3,0.17,5.5,-0.37,-0.2,No call,,
2026-08-12,LATE,Rhett Lowder,CIN,CIN @ CWS,7.71,67.2,13,5.17,7-9,4.6,4.94,0.34,4.5,0.1,0.44,No call,,
2026-08-12,LATE,Luis Castillo,CWS,CIN @ CWS,8.38,82.2,14,5.87,7-9,5.19,5.62,0.43,5.5,-0.31,0.12,No call,,
2026-08-12,LATE,Eric Lauer,LAD,KCR @ LAD,5.52,76.2,12,6.35,<7,4.46,4.77,0.31,4.5,-0.04,0.27,No call,,
2026-08-13,AM,Parker Messick,CLE,CLE @ DET,9.25,106,18,5.89,9-11,5.57,6.04,0.47,5.5,0.07,0.54,No call,,
2026-08-13,AM,Keider Montero,DET,CLE @ DET,5.72,94.1,15,6.27,<7,4.5,4.81,0.31,2.5,2.0,2.31,No call,,
2026-08-13,AM,Andrew Abbott,CIN,CIN @ CWS,7.22,101,19,5.32,7-9,4.76,4.77,0.01,4.5,0.26,0.27,No call,,
2026-08-13,AM,Davis Martin,CWS,CIN @ CWS,8.25,100.1,18,5.56,7-9,5.1,5.28,0.18,4.5,0.6,0.78,No call,,
2026-08-13,AM,Braxton Ashcraft,PIT,PIT @ MIA,10.14,108.1,18,6.01,9-11,5.37,5.9,0.53,5.5,-0.13,0.4,No call,,
2026-08-13,AM,Logan Gilbert,SEA,SEA @ NYY,9.56,107.1,18,5.95,9-11,5.87,5.63,-0.24,6.5,-0.63,-0.87,No call,,
2026-08-13,AM,Max Fried,NYY,SEA @ NYY,7.3,61.2,10,6.12,7-9,5.05,5.22,0.17,5.5,-0.45,-0.28,No call,,
2026-08-13,AM,Payton Tolle,BOS,BOS @ TOR,8.96,80.1,14,5.72,7-9,5.27,5.71,0.44,5.5,-0.23,0.21,No call,,
2026-08-13,AM,Kevin Gausman,CHC,CHC @ WSN,9.14,106.1,19,5.58,9-11,5.27,5.49,0.22,4.5,0.77,0.99,No call,,
2026-08-13,AM,Cade Cavalli,WSN,CHC @ WSN,10.2,92.2,19,4.85,9-11,5.14,5.36,0.22,5.5,-0.36,-0.14,No call,,
2026-08-13,AM,Aaron Nola,PHI,PHI @ MIN,9.2,92,18,5.11,9-11,5.28,5.46,0.18,5.5,-0.22,-0.04,No call,,
2026-08-13,AM,Taj Bradley,MIN,PHI @ MIN,10.54,95.2,17,5.6,9-11,5.4,5.91,0.51,5.5,-0.1,0.41,No call,,
2026-08-13,AM,Jacob deGrom,TEX,TEX @ LAA,10.91,100.2,18,5.57,9-11,5.6,6.13,0.53,6.5,-0.9,-0.37,No call,,
2026-08-13,AM,Walbert Ureña,LAA,TEX @ LAA,8.63,81.1,15,5.41,7-9,5.32,5.5,0.18,5.5,-0.18,0.0,No call,,
2026-08-13,AM,Roki Sasaki,LAD,MIL @ LAD,8.89,81,16,5.06,7-9,4.99,5.38,0.39,5.5,-0.51,-0.12,No call,,
2026-08-13,LATE,Aaron Nola,PHI,PHI @ MIN,9.2,92,18,5.11,9-11,5.28,5.46,0.18,4.5,0.78,0.96,No call,,
2026-08-13,LATE,Taj Bradley,MIN,PHI @ MIN,10.54,95.2,17,5.6,9-11,5.4,5.91,0.51,5.5,-0.1,0.41,No call,,
2026-08-13,LATE,Jacob deGrom,TEX,TEX @ LAA,10.91,100.2,18,5.57,9-11,5.6,6.13,0.53,6.5,-0.9,-0.37,No call,,
2026-08-13,LATE,Walbert Ureña,LAA,TEX @ LAA,8.63,81.1,15,5.41,7-9,5.32,5.5,0.18,4.5,0.82,1.0,No call,,
2026-08-13,LATE,Roki Sasaki,LAD,MIL @ LAD,8.89,81,16,5.06,7-9,4.99,5.38,0.39,5.5,-0.51,-0.12,No call,,
2026-08-14,AM,Matthew Liberatore,STL,STL @ CHC,8.42,87.2,18,4.84,7-9,4.76,5.11,0.35,4.5,0.26,0.61,No call,,
2026-08-14,AM,Sandy Alcantara,MIA,MIA @ CIN,6.7,123.2,19,6.48,<7,4.95,5.32,0.37,5.5,-0.55,-0.18,No call,,
2026-08-14,AM,Chase Burns,CIN,MIA @ CIN,10.34,102.2,18,5.68,9-11,5.34,5.85,0.51,6.5,-1.16,-0.65,No call,,
2026-08-14,AM,Bubba Chandler,PIT,BOS @ PIT,7.93,89.2,17,5.25,7-9,4.63,4.99,0.36,4.5,0.13,0.49,No call,,
2026-08-14,AM,Michael King,SDP,SDP @ CLE,7.64,108.1,19,5.69,7-9,4.95,5.32,0.37,3.5,1.45,1.82,No call,,
2026-08-14,AM,Gavin Williams,CLE,SDP @ CLE,10.64,113.1,19,5.95,9-11,5.73,5.13,-0.6,7.5,-1.77,-2.37,Under,,
2026-08-14,AM,Steven Matz,TBR,BAL @ TBR,6.96,53,10,5.3,<7,4.86,4.86,0.0,,,,No call,,
2026-08-14,AM,George Kirby,SEA,SEA @ HOU,8.02,110,18,6.11,7-9,5.21,5.62,0.41,4.5,0.71,1.12,No call,,
2026-08-14,AM,Peter Lambert,HOU,SEA @ HOU,8.32,80,14,5.71,7-9,5.3,5.49,0.19,4.5,0.8,0.99,No call,,
2026-08-14,AM,Seth Lugo,KCR,KCR @ LAA,7.15,100.2,18,5.57,7-9,4.73,5.07,0.34,4.5,0.23,0.57,No call,,
2026-08-14,AM,Kumar Rocker,TEX,TEX @ OAK,7.9,84.1,15,5.61,7-9,4.96,5.34,0.38,4.5,0.46,0.84,No call,,
2026-08-14,AM,Yoshinobu Yamamoto,LAD,MIL @ LAD,8.6,104.2,16,6.51,7-9,5.75,5.5,-0.25,6.5,-0.75,-1.0,No call,,
2026-08-14,AM,Kyle Freeland,COL,COL @ SFG,7.68,82,16,5.12,7-9,4.76,4.78,0.02,5.5,-0.74,-0.72,No call,,
2026-08-14,AM,Landen Roupp,SFG,COL @ SFG,9.65,97,18,5.39,9-11,5.32,5.77,0.45,5.5,-0.18,0.27,No call,,
2026-08-14,LATE,Michael King,SDP,SDP @ CLE,7.64,108.1,19,5.69,7-9,4.95,5.32,0.37,4.5,0.45,0.82,No call,,
2026-08-14,LATE,Gavin Williams,CLE,SDP @ CLE,10.64,113.1,19,5.95,9-11,5.73,5.13,-0.6,7.5,-1.77,-2.37,Under,,
2026-08-14,LATE,Chris Bassitt,BAL,BAL @ TBR,5.91,56.1,10,5.61,<7,4.55,4.84,0.29,3.5,1.05,1.34,No call,,
2026-08-14,LATE,Steven Matz,TBR,BAL @ TBR,6.96,53,10,5.3,<7,4.86,4.86,0.0,,,,No call,,
2026-08-14,LATE,Chris Sale,ATL,ARI @ ATL,10.61,95,16,5.94,9-11,5.81,5.2,-0.61,6.5,-0.69,-1.3,No call,,
2026-08-14,LATE,George Kirby,SEA,SEA @ HOU,8.02,110,18,6.11,7-9,5.21,5.62,0.41,4.5,0.71,1.12,No call,,
2026-08-14,LATE,Peter Lambert,HOU,SEA @ HOU,8.32,80,14,5.71,7-9,5.3,5.49,0.19,4.5,0.8,0.99,No call,,
2026-08-14,LATE,Seth Lugo,KCR,KCR @ LAA,7.15,100.2,18,5.57,7-9,4.73,5.07,0.34,4.5,0.23,0.57,No call,,
2026-08-14,LATE,Kumar Rocker,TEX,TEX @ OAK,7.9,84.1,15,5.61,7-9,4.96,5.34,0.38,4.5,0.46,0.84,No call,,
2026-08-14,LATE,Yoshinobu Yamamoto,LAD,MIL @ LAD,8.6,104.2,16,6.51,7-9,5.75,5.5,-0.25,6.5,-0.75,-1.0,No call,,
2026-08-14,LATE,Kyle Freeland,COL,COL @ SFG,7.68,82,16,5.12,7-9,4.76,4.78,0.02,5.5,-0.74,-0.72,No call,,
2026-08-14,LATE,Landen Roupp,SFG,COL @ SFG,9.65,97,18,5.39,9-11,5.32,5.77,0.45,5.5,-0.18,0.27,No call,,
2026-08-15,AM,Anthony Kay,CWS,CWS @ DET,7.15,89.1,17,5.24,7-9,4.64,4.64,0.0,4.5,0.14,0.14,No call,,
2026-08-15,AM,Michael McGreevy,STL,STL @ CHC,5.84,101.2,18,5.62,<7,4.38,4.67,0.29,3.5,0.88,1.17,No call,,
2026-08-15,AM,Cam Schlittler,NYY,NYY @ TOR,10.53,112,19,5.89,9-11,5.46,5.99,0.53,6.5,-1.04,-0.51,Under,,
2026-08-15,AM,Michael Lorenzen,COL,COL @ SFG,7.04,92,19,4.84,7-9,4.3,4.6,0.3,3.5,0.8,1.1,No call,,
2026-08-15,AM,Logan Webb,SFG,COL @ SFG,7.18,100.1,16,6.26,7-9,4.93,5.32,0.39,5.5,-0.57,-0.18,No call,,
2026-08-15,AM,Kyle Bradish,BAL,BAL @ TBR,9.03,100.2,18,5.57,9-11,5.51,5.94,0.43,4.5,1.01,1.44,No call,,
2026-08-15,AM,Brady Singer,CIN,MIA @ CIN,7.63,89.2,18,4.96,7-9,4.75,4.79,0.04,4.5,0.25,0.29,No call,,
2026-08-15,AM,Joey Cantillo,CLE,SDP @ CLE,9,96,19,5.05,9-11,5.12,5.29,0.17,5.5,-0.38,-0.21,No call,,
2026-08-15,AM,Emerson Hancock,SEA,SEA @ HOU,8.48,97.2,17,5.72,7-9,5.4,5.6,0.2,4.5,0.9,1.1,No call,,
2026-08-15,AM,Jesús Luzardo,PHI,PHI @ MIN,11.09,110.1,19,5.79,11+,5.84,5.26,-0.58,6.5,-0.66,-1.24,No call,,
2026-08-15,AM,Connor Prielipp,MIN,PHI @ MIN,9.59,66.2,13,5.09,9-11,5.25,5.67,0.42,5.5,-0.25,0.17,No call,,
2026-08-15,AM,Sonny Gray,BOS,BOS @ PIT,8.23,89.2,16,5.58,7-9,5.0,5.39,0.39,5.5,-0.5,-0.11,No call,,
2026-08-15,AM,Eduardo Rodriguez,ARI,ARI @ ATL,6.17,108,18,6.0,<7,4.81,4.81,0.0,4.5,0.31,0.31,No call,,
2026-08-15,AM,Grant Holmes,ATL,ARI @ ATL,7.83,87.1,17,5.12,7-9,4.77,5.12,0.35,3.5,1.27,1.62,No call,,
2026-08-15,AM,Jacob Misiorowski,MIL,MIL @ LAD,13.54,111,18,6.17,11+,6.25,6.97,0.72,8.5,-2.25,-1.53,No call,,
2026-08-15,AM,Justin Wrobleski,LAD,MIL @ LAD,6.55,100.1,15,6.67,<7,4.88,5.26,0.38,5.5,-0.62,-0.24,No call,,
2026-08-15,AM,Reid Detmers,LAA,KCR @ LAA,10.19,108.2,19,5.69,9-11,5.36,5.86,0.5,6.5,-1.14,-0.64,Under,,
2026-08-15,AM,MacKenzie Gore,TEX,TEX @ OAK,9.89,101,19,5.32,9-11,5.46,5.91,0.45,6.5,-1.04,-0.59,Under,,
2026-08-15,AM,J.T. Ginn,OAK,TEX @ OAK,7.84,98.2,17,5.78,7-9,5.06,5.24,0.18,4.5,0.56,0.74,No call,,
